image,class_id,query,label,conf,bbox
streetview_000255.jpg,0,footbridge entrance,footbridge entrance,0.3884,"[0.055, 0.3001, 0.1632, 0.5881]"
streetview_000255.jpg,0,footbridge entrance,footbridge entrance,0.3196,"[0.6845, 0.5471, 0.7636, 0.6898]"
streetview_000255.jpg,2,outdoor escalator,outdoor escalator,0.5396,"[0.6842, 0.5474, 0.7609, 0.6912]"
streetview_000255.jpg,3,elevator,elevator,0.3552,"[0.0555, 0.3018, 0.1581, 0.5825]"
streetview_000255.jpg,3,elevator,elevator,0.3205,"[0.0526, 0.1772, 0.1867, 0.597]"
streetview_000255.jpg,4,ramp,ramp,0.2702,"[0.6854, 0.5496, 0.7586, 0.6881]"
streetview_000255.jpg,6,pedestrian,pedestrian,0.7301,"[0.2461, 0.2174, 0.4726, 0.9969]"
streetview_000255.jpg,6,pedestrian,pedestrian,0.4355,"[0.5759, 0.4586, 0.6083, 0.6121]"
streetview_000255.jpg,7,rubbish bin,rubbish bin,0.4393,"[0.6859, 0.5511, 0.759, 0.6891]"
streetview_000255.jpg,7,rubbish bin,rubbish bin,0.3106,"[0.8973, 0.1695, 0.9993, 0.9977]"
streetview_000255.jpg,7,rubbish bin,rubbish bin,0.3115,"[0.6852, 0.5487, 0.7319, 0.6634]"
streetview_000255.jpg,7,rubbish bin,rubbish bin,0.2811,"[0.443, 0.5465, 0.4714, 0.6156]"
streetview_000255.jpg,7,rubbish bin,rubbish bin,0.2842,"[0.2602, 0.581, 0.3198, 0.7112]"
streetview_000255.jpg,8,bollard,bollard,0.5087,"[0.6849, 0.55, 0.7589, 0.6898]"
streetview_000255.jpg,10,water-filled barrier,water - filled barrier,0.4736,"[0.8972, 0.1727, 0.9991, 0.9962]"
streetview_000255.jpg,10,water-filled barrier,water - filled barrier,0.4197,"[0.6848, 0.5483, 0.7605, 0.6882]"
streetview_000255.jpg,13,trolley,trolley,0.5283,"[0.6848, 0.5509, 0.7589, 0.6906]"
streetview_000255.jpg,13,trolley,trolley,0.3983,"[0.6452, 0.5484, 0.6756, 0.6246]"
streetview_000255.jpg,13,trolley,trolley,0.4929,"[0.4429, 0.5459, 0.4716, 0.6173]"
streetview_000255.jpg,14,step,step,0.3097,"[0.2064, 0.5584, 0.2431, 0.5888]"
streetview_000255.jpg,15,tactile paving,tactile paving,0.4787,"[0.0015, 0.5051, 0.94, 0.9972]"
streetview_000255.jpg,16,zebra crossing,zebra crossing,0.3225,"[0.2434, 0.2148, 0.4738, 0.9943]"
streetview_000255.jpg,17,glass door,glass door,0.5347,"[0.0556, 0.3013, 0.1567, 0.5805]"
streetview_000255.jpg,18,door,door,0.4737,"[0.0566, 0.304, 0.1555, 0.5772]"
streetview_000255.jpg,19,indoor escalator,indoor escalator,0.4739,"[0.6843, 0.5472, 0.7609, 0.6909]"
streetview_000255.jpg,20,sign,sign,0.4549,"[0.0865, 0.1822, 0.1872, 0.3326]"
streetview_000255.jpg,20,sign,sign,0.4165,"[0.3091, 0.2028, 0.44, 0.3181]"
streetview_000255.jpg,20,sign,sign,0.3646,"[0.4783, 0.3122, 0.501, 0.3992]"
streetview_000255.jpg,20,sign,sign,0.3386,"[0.6403, 0.4053, 0.6766, 0.4985]"
streetview_000255.jpg,20,sign,sign,0.3003,"[0.2152, 0.4366, 0.243, 0.4884]"
streetview_000255.jpg,20,sign,sign,0.3759,"[0.1694, 0.2641, 0.256, 0.3882]"
streetview_000255.jpg,20,sign,sign,0.2695,"[0.5627, 0.4407, 0.5771, 0.4658]"
streetview_000255.jpg,21,indoor glass door,indoor glass door,0.5808,"[0.0553, 0.3009, 0.1565, 0.5818]"
streetview_000255.jpg,22,shop front,shop front,0.4079,"[0.0025, 0.0025, 0.996, 0.9952]"
streetview_000270.jpg,0,footbridge entrance,footbridge entrance,0.2793,"[0.262, 0.3844, 0.3188, 0.5586]"
streetview_000270.jpg,0,footbridge entrance,footbridge entrance,0.2918,"[0.1585, 0.4004, 0.2089, 0.5819]"
streetview_000270.jpg,0,footbridge entrance,footbridge entrance,0.2616,"[0.1551, 0.3623, 0.2432, 0.586]"
streetview_000270.jpg,2,outdoor escalator,outdoor escalator,0.4557,"[0.6795, 0.5483, 0.7584, 0.6944]"
streetview_000270.jpg,3,elevator,elevator,0.3774,"[0.1585, 0.4028, 0.2076, 0.5822]"
streetview_000270.jpg,4,ramp,ramp,0.2577,"[0.68, 0.5491, 0.7561, 0.6912]"
streetview_000270.jpg,4,ramp,ramp,0.2704,"[0.1215, 0.507, 0.9425, 0.9981]"
streetview_000270.jpg,4,ramp,ramp,0.2119,"[0.8965, 0.1394, 0.9993, 0.9977]"
streetview_000270.jpg,6,pedestrian,pedestrian,0.5609,"[0.2078, 0.428, 0.2627, 0.6755]"
streetview_000270.jpg,6,pedestrian,pedestrian,0.5124,"[0.5688, 0.4559, 0.6018, 0.6163]"
streetview_000270.jpg,6,pedestrian,pedestrian,0.514,"[0.8069, 0.4707, 0.8584, 0.6721]"
streetview_000270.jpg,6,pedestrian,pedestrian,0.4484,"[0.2875, 0.4611, 0.3069, 0.5611]"
streetview_000270.jpg,6,pedestrian,pedestrian,0.4536,"[0.3611, 0.4633, 0.3887, 0.5677]"
streetview_000270.jpg,6,pedestrian,pedestrian,0.4462,"[0.0005, 0.0495, 0.2334, 0.9971]"
streetview_000270.jpg,6,pedestrian,pedestrian,0.4137,"[0.3303, 0.4677, 0.3504, 0.5496]"
streetview_000270.jpg,7,rubbish bin,rubbish bin,0.4038,"[0.6795, 0.5499, 0.7568, 0.6915]"
streetview_000270.jpg,7,rubbish bin,rubbish bin,0.3533,"[0.8958, 0.1382, 0.9993, 0.9976]"
streetview_000270.jpg,7,rubbish bin,rubbish bin,0.2578,"[0.6936, 0.5618, 0.7548, 0.6637]"
streetview_000270.jpg,7,rubbish bin,rubbish bin,0.2838,"[0.6811, 0.5487, 0.7293, 0.6583]"
streetview_000270.jpg,8,bollard,bollard,0.5064,"[0.6793, 0.5506, 0.7566, 0.6931]"
streetview_000270.jpg,10,water-filled barrier,water - filled barrier,0.5863,"[0.8956, 0.1392, 0.999, 0.9962]"
streetview_000270.jpg,10,water-filled barrier,water - filled barrier,0.3048,"[0.6801, 0.5493, 0.759, 0.6906]"
streetview_000270.jpg,13,trolley,trolley,0.4592,"[0.679, 0.5518, 0.7566, 0.6939]"
streetview_000270.jpg,13,trolley,trolley,0.5392,"[0.4311, 0.5471, 0.4579, 0.6148]"
streetview_000270.jpg,13,trolley,trolley,0.432,"[0.6437, 0.5484, 0.6722, 0.6268]"
streetview_000270.jpg,13,trolley,trolley,0.3165,"[0.5573, 0.5215, 0.5731, 0.568]"
streetview_000270.jpg,15,tactile paving,tactile paving,0.6201,"[0.1253, 0.4986, 0.9368, 0.9972]"
streetview_000270.jpg,16,zebra crossing,zebra crossing,0.3765,"[0.123, 0.498, 0.9357, 0.9963]"
streetview_000270.jpg,17,glass door,glass door,0.4148,"[0.8968, 0.1422, 0.9991, 0.9966]"
streetview_000270.jpg,17,glass door,glass door,0.3244,"[0.1594, 0.4041, 0.207, 0.5796]"
streetview_000270.jpg,18,door,door,0.3781,"[0.0722, 0.3165, 0.1473, 0.5638]"
streetview_000270.jpg,18,door,door,0.3899,"[0.1594, 0.4058, 0.2067, 0.5804]"
streetview_000270.jpg,18,door,door,0.2601,"[0.0996, 0.3241, 0.1467, 0.5627]"
streetview_000270.jpg,19,indoor escalator,indoor escalator,0.4009,"[0.6794, 0.5478, 0.7581, 0.694]"
streetview_000270.jpg,20,sign,sign,0.5345,"[0.3046, 0.2013, 0.4368, 0.3165]"
streetview_000270.jpg,20,sign,sign,0.4988,"[0.0768, 0.1775, 0.1799, 0.3305]"
streetview_000270.jpg,20,sign,sign,0.3756,"[0.476, 0.3102, 0.4993, 0.3977]"
streetview_000270.jpg,20,sign,sign,0.3645,"[0.6369, 0.403, 0.6736, 0.4952]"
streetview_000270.jpg,20,sign,sign,0.3272,"[0.1628, 0.2608, 0.2509, 0.387]"
streetview_000270.jpg,20,sign,sign,0.273,"[0.5625, 0.4392, 0.5767, 0.4645]"
streetview_000270.jpg,21,indoor glass door,indoor glass door,0.348,"[0.8965, 0.1418, 0.9989, 0.996]"
streetview_000270.jpg,21,indoor glass door,indoor glass door,0.3343,"[0.1589, 0.4029, 0.2074, 0.5809]"
streetview_000270.jpg,21,indoor glass door,indoor glass door,0.3202,"[0.1567, 0.3639, 0.2343, 0.5833]"
streetview_000270.jpg,22,shop front,shop front,0.438,"[0.0035, 0.0027, 0.9961, 0.9956]"
streetview_000285.jpg,0,footbridge entrance,footbridge entrance,0.2944,"[0.0385, 0.2954, 0.1575, 0.5752]"
streetview_000285.jpg,3,elevator,elevator,0.3089,"[0.8837, 0.1045, 0.9994, 0.9973]"
streetview_000285.jpg,4,ramp,ramp,0.273,"[0.0014, 0.5062, 0.9281, 0.9982]"
streetview_000285.jpg,4,ramp,ramp,0.2289,"[0.8839, 0.1048, 0.9994, 0.9973]"
streetview_000285.jpg,4,ramp,ramp,0.2102,"[0.6723, 0.5472, 0.7515, 0.6945]"
streetview_000285.jpg,4,ramp,ramp,0.2244,"[0.6884, 0.5616, 0.7504, 0.6644]"
streetview_000285.jpg,6,pedestrian,pedestrian,0.664,"[0.1685, 0.4184, 0.2216, 0.6846]"
streetview_000285.jpg,6,pedestrian,pedestrian,0.5781,"[0.0198, 0.3825, 0.118, 0.8067]"
streetview_000285.jpg,6,pedestrian,pedestrian,0.4908,"[0.5641, 0.4506, 0.5992, 0.6185]"
streetview_000285.jpg,6,pedestrian,pedestrian,0.5151,"[0.7892, 0.4722, 0.8466, 0.6645]"
streetview_000285.jpg,6,pedestrian,pedestrian,0.4643,"[0.2996, 0.4627, 0.3204, 0.5621]"
streetview_000285.jpg,6,pedestrian,pedestrian,0.4172,"[0.4789, 0.4606, 0.5091, 0.6123]"
streetview_000285.jpg,6,pedestrian,pedestrian,0.4548,"[0.0004, 0.4039, 0.0769, 0.8078]"
streetview_000285.jpg,6,pedestrian,pedestrian,0.4262,"[0.3652, 0.4638, 0.3889, 0.5633]"
streetview_000285.jpg,6,pedestrian,pedestrian,0.4169,"[0.3274, 0.467, 0.3473, 0.5499]"
streetview_000285.jpg,7,rubbish bin,rubbish bin,0.5017,"[0.8833, 0.1051, 0.9994, 0.9974]"
streetview_000285.jpg,7,rubbish bin,rubbish bin,0.3783,"[0.6876, 0.5597, 0.7515, 0.6945]"
streetview_000285.jpg,7,rubbish bin,rubbish bin,0.2744,"[0.4134, 0.5445, 0.4416, 0.6111]"
streetview_000285.jpg,7,rubbish bin,rubbish bin,0.3278,"[0.6773, 0.5471, 0.7246, 0.6576]"
streetview_000285.jpg,8,bollard,bollard,0.3595,"[0.6867, 0.5596, 0.7515, 0.6951]"
streetview_000285.jpg,10,water-filled barrier,water - filled barrier,0.5793,"[0.8832, 0.1044, 0.9993, 0.9963]"
streetview_000285.jpg,10,water-filled barrier,water - filled barrier,0.253,"[0.6755, 0.5469, 0.753, 0.695]"
streetview_000285.jpg,13,trolley,trolley,0.4863,"[0.6868, 0.56, 0.7514, 0.6965]"
streetview_000285.jpg,13,trolley,trolley,0.554,"[0.4131, 0.5437, 0.4417, 0.6119]"
streetview_000285.jpg,13,trolley,trolley,0.5074,"[0.6399, 0.5301, 0.6698, 0.6274]"
streetview_000285.jpg,15,tactile paving,tactile paving,0.6045,"[0.0011, 0.4987, 0.9272, 0.9973]"
streetview_000285.jpg,16,zebra crossing,zebra crossing,0.3874,"[0.002, 0.5014, 0.9239, 0.9963]"
streetview_000285.jpg,17,glass door,glass door,0.5786,"[0.8843, 0.107, 0.9992, 0.9963]"
streetview_000285.jpg,18,door,door,0.3342,"[0.8845, 0.107, 0.9996, 0.9977]"
streetview_000285.jpg,18,door,door,0.3573,"[0.1533, 0.4054, 0.2006, 0.5757]"
streetview_000285.jpg,18,door,door,0.3283,"[0.1061, 0.3236, 0.141, 0.5633]"
streetview_000285.jpg,18,door,door,0.2554,"[0.3706, 0.395, 0.393, 0.5328]"
streetview_000285.jpg,20,sign,sign,0.4973,"[0.3009, 0.1985, 0.4336, 0.3152]"
streetview_000285.jpg,20,sign,sign,0.4724,"[0.0686, 0.1744, 0.1736, 0.3286]"
streetview_000285.jpg,20,sign,sign,0.3727,"[0.4749, 0.3094, 0.4976, 0.3968]"
streetview_000285.jpg,20,sign,sign,0.3438,"[0.6342, 0.4022, 0.6701, 0.4921]"
streetview_000285.jpg,20,sign,sign,0.3251,"[0.1568, 0.2587, 0.2462, 0.3865]"
streetview_000285.jpg,21,indoor glass door,indoor glass door,0.5009,"[0.8842, 0.1072, 0.9989, 0.996]"
streetview_000285.jpg,22,shop front,shop front,0.4451,"[0.0025, 0.0025, 0.9957, 0.9952]"
streetview_000300.jpg,0,footbridge entrance,footbridge entrance,0.263,"[0.6771, 0.5448, 0.7596, 0.6931]"
streetview_000300.jpg,0,footbridge entrance,footbridge entrance,0.2574,"[0.1857, 0.4201, 0.2331, 0.5836]"
streetview_000300.jpg,1,stairs,stairs,0.3094,"[0.1917, 0.5558, 0.229, 0.5856]"
streetview_000300.jpg,2,outdoor escalator,outdoor escalator,0.4623,"[0.6757, 0.5425, 0.757, 0.6948]"
streetview_000300.jpg,3,elevator,elevator,0.3543,"[0.1876, 0.423, 0.2316, 0.583]"
streetview_000300.jpg,4,ramp,ramp,0.2395,"[0.6766, 0.5431, 0.7549, 0.6915]"
streetview_000300.jpg,4,ramp,ramp,0.2053,"[0.1919, 0.5562, 0.2278, 0.585]"
streetview_000300.jpg,4,ramp,ramp,0.2681,"[0.0022, 0.5032, 0.9666, 0.9981]"
streetview_000300.jpg,6,pedestrian,pedestrian,0.5229,"[0.5598, 0.4489, 0.5931, 0.6191]"
streetview_000300.jpg,6,pedestrian,pedestrian,0.5825,"[0.0344, 0.3955, 0.1229, 0.7876]"
streetview_000300.jpg,6,pedestrian,pedestrian,0.5195,"[0.8301, 0.4537, 0.8699, 0.6533]"
streetview_000300.jpg,6,pedestrian,pedestrian,0.5244,"[0.087, 0.3827, 0.1562, 0.7869]"
streetview_000300.jpg,6,pedestrian,pedestrian,0.5021,"[0.7789, 0.4679, 0.8274, 0.6549]"
streetview_000300.jpg,6,pedestrian,pedestrian,0.4586,"[0.4602, 0.4533, 0.4925, 0.6159]"
streetview_000300.jpg,6,pedestrian,pedestrian,0.407,"[0.5032, 0.455, 0.5359, 0.5882]"
streetview_000300.jpg,6,pedestrian,pedestrian,0.4258,"[0.3684, 0.4606, 0.3902, 0.5594]"
streetview_000300.jpg,6,pedestrian,pedestrian,0.4441,"[0.1386, 0.4108, 0.1814, 0.6953]"
streetview_000300.jpg,7,rubbish bin,rubbish bin,0.3051,"[0.6888, 0.5561, 0.7541, 0.692]"
streetview_000300.jpg,7,rubbish bin,rubbish bin,0.324,"[0.6762, 0.5446, 0.7555, 0.6922]"
streetview_000300.jpg,7,rubbish bin,rubbish bin,0.2525,"[0.9007, 0.0512, 0.9992, 0.9972]"
streetview_000300.jpg,7,rubbish bin,rubbish bin,0.2523,"[0.6778, 0.5431, 0.7269, 0.6596]"
streetview_000300.jpg,7,rubbish bin,rubbish bin,0.2504,"[0.6755, 0.5098, 0.7746, 0.6914]"
streetview_000300.jpg,8,bollard,bollard,0.4608,"[0.6753, 0.5434, 0.7551, 0.6934]"
streetview_000300.jpg,10,water-filled barrier,water - filled barrier,0.4105,"[0.6758, 0.5422, 0.7584, 0.691]"
streetview_000300.jpg,10,water-filled barrier,water - filled barrier,0.3442,"[0.9011, 0.0519, 0.9991, 0.9961]"
streetview_000300.jpg,10,water-filled barrier,water - filled barrier,0.2537,"[0.6716, 0.4947, 0.7709, 0.6901]"
streetview_000300.jpg,13,trolley,trolley,0.4565,"[0.6409, 0.5378, 0.6702, 0.6253]"
streetview_000300.jpg,13,trolley,trolley,0.353,"[0.6754, 0.5065, 0.7556, 0.694]"
streetview_000300.jpg,13,trolley,trolley,0.4626,"[0.4054, 0.5425, 0.431, 0.6063]"
streetview_000300.jpg,14,step,step,0.353,"[0.1919, 0.5564, 0.2281, 0.5857]"
streetview_000300.jpg,15,tactile paving,tactile paving,0.6022,"[0.0015, 0.4993, 0.9518, 0.9971]"
streetview_000300.jpg,16,zebra crossing,zebra crossing,0.3595,"[0.0024, 0.5011, 0.9497, 0.9963]"
streetview_000300.jpg,17,glass door,glass door,0.3013,"[0.9019, 0.0568, 0.9991, 0.9961]"
streetview_000300.jpg,17,glass door,glass door,0.3039,"[0.1903, 0.4237, 0.2297, 0.5659]"
streetview_000300.jpg,18,door,door,0.2978,"[0.2779, 0.393, 0.3121, 0.5551]"
streetview_000300.jpg,18,door,door,0.304,"[0.1588, 0.4036, 0.1976, 0.5807]"
streetview_000300.jpg,18,door,door,0.267,"[0.3519, 0.3872, 0.3685, 0.5269]"
streetview_000300.jpg,18,door,door,0.3155,"[0.3689, 0.3935, 0.3923, 0.5236]"
streetview_000300.jpg,18,door,door,0.2554,"[0.2652, 0.388, 0.3129, 0.5559]"
streetview_000300.jpg,19,indoor escalator,indoor escalator,0.4383,"[0.6756, 0.5418, 0.7567, 0.6943]"
streetview_000300.jpg,20,sign,sign,0.4903,"[0.3002, 0.1936, 0.4332, 0.3103]"
streetview_000300.jpg,20,sign,sign,0.4543,"[0.0645, 0.1686, 0.1713, 0.3228]"
streetview_000300.jpg,20,sign,sign,0.3794,"[0.475, 0.3064, 0.4976, 0.3944]"
streetview_000300.jpg,20,sign,sign,0.3302,"[0.1535, 0.2538, 0.2449, 0.3824]"
streetview_000300.jpg,20,sign,sign,0.2637,"[0.6347, 0.3978, 0.672, 0.4913]"
streetview_000300.jpg,22,shop front,shop front,0.4442,"[0.0024, 0.0027, 0.9961, 0.9952]"
streetview_000315.jpg,0,footbridge entrance,footbridge entrance,0.2882,"[0.0236, 0.2871, 0.1484, 0.5993]"
streetview_000315.jpg,1,stairs,stairs,0.3866,"[0.0266, 0.5649, 0.0804, 0.6026]"
streetview_000315.jpg,2,outdoor escalator,outdoor escalator,0.391,"[0.6861, 0.5458, 0.7645, 0.6997]"
streetview_000315.jpg,4,ramp,ramp,0.211,"[0.6958, 0.5603, 0.7605, 0.6653]"
streetview_000315.jpg,4,ramp,ramp,0.2589,"[0.1899, 0.556, 0.227, 0.5867]"
streetview_000315.jpg,4,ramp,ramp,0.2717,"[0.0012, 0.5136, 0.9986, 0.9984]"
streetview_000315.jpg,4,ramp,ramp,0.2102,"[0.6933, 0.5569, 0.7615, 0.6972]"
streetview_000315.jpg,6,pedestrian,pedestrian,0.5098,"[0.5488, 0.4426, 0.5887, 0.6237]"
streetview_000315.jpg,6,pedestrian,pedestrian,0.4904,"[0.8247, 0.4525, 0.8667, 0.6507]"
streetview_000315.jpg,6,pedestrian,pedestrian,0.4147,"[0.4401, 0.4485, 0.4736, 0.6222]"
streetview_000315.jpg,6,pedestrian,pedestrian,0.411,"[0.4974, 0.4537, 0.5284, 0.5912]"
streetview_000315.jpg,6,pedestrian,pedestrian,0.4977,"[0.1069, 0.3893, 0.192, 0.7813]"
streetview_000315.jpg,6,pedestrian,pedestrian,0.4462,"[0.778, 0.4685, 0.8261, 0.6508]"
streetview_000315.jpg,6,pedestrian,pedestrian,0.4149,"[0.3215, 0.4612, 0.3419, 0.5609]"
streetview_000315.jpg,6,pedestrian,pedestrian,0.401,"[0.6414, 0.5005, 0.6728, 0.6272]"
streetview_000315.jpg,6,pedestrian,pedestrian,0.4104,"[0.0749, 0.4006, 0.1161, 0.7175]"
streetview_000315.jpg,7,rubbish bin,rubbish bin,0.4067,"[0.6911, 0.5553, 0.7621, 0.6984]"
streetview_000315.jpg,7,rubbish bin,rubbish bin,0.3013,"[0.6819, 0.5462, 0.7326, 0.6622]"
streetview_000315.jpg,7,rubbish bin,rubbish bin,0.2597,"[0.6958, 0.5599, 0.7607, 0.6678]"
streetview_000315.jpg,7,rubbish bin,rubbish bin,0.2612,"[0.3951, 0.5378, 0.4208, 0.6035]"
streetview_000315.jpg,8,bollard,bollard,0.3936,"[0.6825, 0.5483, 0.7627, 0.6987]"
streetview_000315.jpg,10,water-filled barrier,water - filled barrier,0.4533,"[0.6807, 0.5457, 0.7648, 0.6968]"
streetview_000315.jpg,10,water-filled barrier,water - filled barrier,0.2687,"[0.002, 0.5008, 0.9975, 0.9977]"
streetview_000315.jpg,13,trolley,trolley,0.4852,"[0.692, 0.5575, 0.762, 0.6996]"
streetview_000315.jpg,13,trolley,trolley,0.4086,"[0.6439, 0.5518, 0.6737, 0.6266]"
streetview_000315.jpg,13,trolley,trolley,0.4947,"[0.3948, 0.5366, 0.4209, 0.6041]"
streetview_000315.jpg,14,step,step,0.3526,"[0.1897, 0.5562, 0.2267, 0.5869]"
streetview_000315.jpg,14,step,step,0.3412,"[0.0286, 0.5761, 0.0794, 0.6016]"
streetview_000315.jpg,15,tactile paving,tactile paving,0.6163,"[0.0017, 0.5026, 0.9973, 0.9972]"
streetview_000315.jpg,16,zebra crossing,zebra crossing,0.3553,"[0.0025, 0.5004, 0.9968, 0.9965]"
streetview_000315.jpg,18,door,door,0.2787,"[0.3695, 0.3916, 0.3932, 0.5327]"
streetview_000315.jpg,18,door,door,0.2616,"[0.0256, 0.2935, 0.1356, 0.5815]"
streetview_000315.jpg,18,door,door,0.2731,"[0.2774, 0.392, 0.3116, 0.5551]"
streetview_000315.jpg,18,door,door,0.25,"[0.2635, 0.3885, 0.3123, 0.5556]"
streetview_000315.jpg,19,indoor escalator,indoor escalator,0.3554,"[0.6841, 0.5452, 0.7641, 0.6994]"
streetview_000315.jpg,20,sign,sign,0.4982,"[0.3001, 0.1923, 0.4338, 0.3088]"
streetview_000315.jpg,20,sign,sign,0.4711,"[0.0616, 0.1641, 0.1691, 0.3217]"
streetview_000315.jpg,20,sign,sign,0.352,"[0.4756, 0.3057, 0.4988, 0.3935]"
streetview_000315.jpg,20,sign,sign,0.3485,"[0.1517, 0.2509, 0.2438, 0.3815]"
streetview_000315.jpg,20,sign,sign,0.3084,"[0.1972, 0.4286, 0.2277, 0.4851]"
streetview_000315.jpg,20,sign,sign,0.3331,"[0.6364, 0.3965, 0.6752, 0.4932]"
streetview_000315.jpg,21,indoor glass door,indoor glass door,0.3094,"[0.0239, 0.2891, 0.1374, 0.5897]"
streetview_000315.jpg,22,shop front,shop front,0.3882,"[0.0023, 0.0028, 0.9964, 0.9951]"
streetview_000330.jpg,0,footbridge entrance,footbridge entrance,0.2682,"[0.6793, 0.5047, 0.7773, 0.702]"
streetview_000330.jpg,1,stairs,stairs,0.3188,"[0.044, 0.5593, 0.1261, 0.6045]"
streetview_000330.jpg,4,ramp,ramp,0.298,"[0.0012, 0.5113, 0.9992, 0.9982]"
streetview_000330.jpg,4,ramp,ramp,0.2143,"[0.696, 0.5588, 0.7632, 0.7012]"
streetview_000330.jpg,4,ramp,ramp,0.2044,"[0.6975, 0.5605, 0.7623, 0.6692]"
streetview_000330.jpg,4,ramp,ramp,0.2249,"[0.6812, 0.5463, 0.7657, 0.7015]"
streetview_000330.jpg,6,pedestrian,pedestrian,0.5342,"[0.5424, 0.4522, 0.5783, 0.6277]"
streetview_000330.jpg,6,pedestrian,pedestrian,0.5814,"[0.1442, 0.3893, 0.218, 0.7699]"
streetview_000330.jpg,6,pedestrian,pedestrian,0.4881,"[0.812, 0.4533, 0.8548, 0.6462]"
streetview_000330.jpg,6,pedestrian,pedestrian,0.4364,"[0.4933, 0.4482, 0.5233, 0.5965]"
streetview_000330.jpg,6,pedestrian,pedestrian,0.4356,"[0.4536, 0.4496, 0.4856, 0.5964]"
streetview_000330.jpg,6,pedestrian,pedestrian,0.5409,"[0.1145, 0.3953, 0.185, 0.7683]"
streetview_000330.jpg,6,pedestrian,pedestrian,0.4539,"[0.3253, 0.4611, 0.3502, 0.558]"
streetview_000330.jpg,6,pedestrian,pedestrian,0.4417,"[0.4083, 0.4441, 0.4475, 0.6298]"
streetview_000330.jpg,6,pedestrian,pedestrian,0.606,"[0.0002, 0.3898, 0.0645, 0.7408]"
streetview_000330.jpg,6,pedestrian,pedestrian,0.4346,"[0.7755, 0.467, 0.8132, 0.6418]"
streetview_000330.jpg,7,rubbish bin,rubbish bin,0.3825,"[0.6967, 0.5587, 0.7637, 0.702]"
streetview_000330.jpg,7,rubbish bin,rubbish bin,0.3565,"[0.0574, 0.4972, 0.079, 0.5659]"
streetview_000330.jpg,7,rubbish bin,rubbish bin,0.3077,"[0.3862, 0.538, 0.4113, 0.6025]"
streetview_000330.jpg,7,rubbish bin,rubbish bin,0.342,"[0.6847, 0.5463, 0.7354, 0.6641]"
streetview_000330.jpg,7,rubbish bin,rubbish bin,0.262,"[0.747, 0.5212, 0.7831, 0.6019]"
streetview_000330.jpg,7,rubbish bin,rubbish bin,0.2687,"[0.6821, 0.5462, 0.7653, 0.7023]"
streetview_000330.jpg,8,bollard,bollard,0.4286,"[0.6953, 0.5582, 0.7635, 0.7029]"
streetview_000330.jpg,10,water-filled barrier,water - filled barrier,0.4131,"[0.6803, 0.5458, 0.7716, 0.6996]"
streetview_000330.jpg,10,water-filled barrier,water - filled barrier,0.266,"[0.6749, 0.5059, 0.7771, 0.6983]"
streetview_000330.jpg,10,water-filled barrier,water - filled barrier,0.2527,"[0.0016, 0.5028, 0.9981, 0.9975]"
streetview_000330.jpg,13,trolley,trolley,0.5183,"[0.6942, 0.558, 0.7641, 0.7036]"
streetview_000330.jpg,13,trolley,trolley,0.4229,"[0.6434, 0.5423, 0.675, 0.6286]"
streetview_000330.jpg,13,trolley,trolley,0.4436,"[0.3856, 0.534, 0.4125, 0.6027]"
streetview_000330.jpg,15,tactile paving,tactile paving,0.6182,"[0.0016, 0.5042, 0.9984, 0.997]"
streetview_000330.jpg,16,zebra crossing,zebra crossing,0.3558,"[0.0023, 0.5023, 0.9979, 0.9962]"
streetview_000330.jpg,17,glass door,glass door,0.3941,"[0.8679, 0.3395, 0.9049, 0.5707]"
streetview_000330.jpg,18,door,door,0.2909,"[0.8684, 0.3452, 0.9031, 0.5664]"
streetview_000330.jpg,18,door,door,0.2988,"[0.3505, 0.3848, 0.367, 0.5312]"
streetview_000330.jpg,18,door,door,0.299,"[0.3682, 0.3918, 0.3917, 0.5291]"
streetview_000330.jpg,18,door,door,0.2778,"[0.0922, 0.3151, 0.1283, 0.5566]"
streetview_000330.jpg,18,door,door,0.2673,"[0.2746, 0.3899, 0.309, 0.5558]"
streetview_000330.jpg,20,sign,sign,0.4687,"[0.2975, 0.1899, 0.4323, 0.3073]"
streetview_000330.jpg,20,sign,sign,0.4601,"[0.0507, 0.1562, 0.1632, 0.3205]"
streetview_000330.jpg,20,sign,sign,0.3661,"[0.4752, 0.3036, 0.4982, 0.3924]"
streetview_000330.jpg,20,sign,sign,0.368,"[0.1458, 0.2462, 0.2397, 0.3792]"
streetview_000330.jpg,20,sign,sign,0.342,"[0.638, 0.3946, 0.6762, 0.4919]"
streetview_000330.jpg,21,indoor glass door,indoor glass door,0.4024,"[0.8674, 0.3376, 0.9053, 0.5714]"
streetview_000330.jpg,22,shop front,shop front,0.4007,"[0.0023, 0.0029, 0.997, 0.995]"
streetview_000345.jpg,0,footbridge entrance,footbridge entrance,0.2825,"[0.0022, 0.2785, 0.1326, 0.5959]"
streetview_000345.jpg,0,footbridge entrance,footbridge entrance,0.2816,"[0.6821, 0.5447, 0.771, 0.7081]"
streetview_000345.jpg,1,stairs,stairs,0.4081,"[0.002, 0.5612, 0.1341, 0.6082]"
streetview_000345.jpg,1,stairs,stairs,0.3107,"[0.6223, 0.5554, 0.672, 0.6336]"
streetview_000345.jpg,2,outdoor escalator,outdoor escalator,0.4382,"[0.6816, 0.5443, 0.7696, 0.7095]"
streetview_000345.jpg,3,elevator,elevator,0.3253,"[0.0015, 0.1452, 0.1514, 0.6036]"
streetview_000345.jpg,4,ramp,ramp,0.2926,"[0.6809, 0.5454, 0.7668, 0.7062]"
streetview_000345.jpg,4,ramp,ramp,0.2749,"[0.0007, 0.5133, 0.9997, 0.9984]"
streetview_000345.jpg,6,pedestrian,pedestrian,0.6014,"[0.1608, 0.3927, 0.2549, 0.7624]"
streetview_000345.jpg,6,pedestrian,pedestrian,0.5843,"[0.525, 0.4394, 0.5624, 0.6309]"
streetview_000345.jpg,6,pedestrian,pedestrian,0.5771,"[0.3671, 0.442, 0.4066, 0.6447]"
streetview_000345.jpg,6,pedestrian,pedestrian,0.4797,"[0.8051, 0.4533, 0.8415, 0.6424]"
streetview_000345.jpg,6,pedestrian,pedestrian,0.52,"[0.1269, 0.3978, 0.19, 0.7496]"
streetview_000345.jpg,6,pedestrian,pedestrian,0.5053,"[0.4393, 0.4302, 0.4719, 0.599]"
streetview_000345.jpg,6,pedestrian,pedestrian,0.4804,"[0.4811, 0.4435, 0.5118, 0.6004]"
streetview_000345.jpg,6,pedestrian,pedestrian,0.4009,"[0.3239, 0.4607, 0.3533, 0.5602]"
streetview_000345.jpg,6,pedestrian,pedestrian,0.4032,"[0.7718, 0.4643, 0.8079, 0.6416]"
streetview_000345.jpg,7,rubbish bin,rubbish bin,0.4711,"[0.6808, 0.5463, 0.7657, 0.7074]"
streetview_000345.jpg,7,rubbish bin,rubbish bin,0.3107,"[0.2498, 0.5195, 0.2632, 0.5539]"
streetview_000345.jpg,7,rubbish bin,rubbish bin,0.2602,"[0.6805, 0.5448, 0.7338, 0.6746]"
streetview_000345.jpg,8,bollard,bollard,0.5578,"[0.681, 0.546, 0.7651, 0.7085]"
streetview_000345.jpg,10,water-filled barrier,water - filled barrier,0.5079,"[0.6801, 0.5441, 0.7715, 0.7054]"
streetview_000345.jpg,10,water-filled barrier,water - filled barrier,0.2502,"[0.0016, 0.5057, 0.9983, 0.9976]"
streetview_000345.jpg,13,trolley,trolley,0.5905,"[0.6806, 0.5464, 0.7661, 0.7093]"
streetview_000345.jpg,13,trolley,trolley,0.4442,"[0.6404, 0.4953, 0.6726, 0.6312]"
streetview_000345.jpg,14,step,step,0.3445,"[0.5471, 0.8356, 0.6643, 0.8903]"
streetview_000345.jpg,14,step,step,0.3047,"[0.0023, 0.5627, 0.135, 0.61]"
streetview_000345.jpg,15,tactile paving,tactile paving,0.6007,"[0.0017, 0.4883, 0.9982, 0.9972]"
streetview_000345.jpg,16,zebra crossing,zebra crossing,0.3442,"[0.0022, 0.5015, 0.9977, 0.9962]"
streetview_000345.jpg,16,zebra crossing,zebra crossing,0.305,"[0.2764, 0.7338, 0.414, 0.7859]"
streetview_000345.jpg,17,glass door,glass door,0.3922,"[0.869, 0.3377, 0.9043, 0.5678]"
streetview_000345.jpg,18,door,door,0.3047,"[0.8693, 0.3424, 0.9032, 0.566]"
streetview_000345.jpg,18,door,door,0.2826,"[0.365, 0.3897, 0.3877, 0.5183]"
streetview_000345.jpg,18,door,door,0.2604,"[0.3464, 0.3828, 0.3634, 0.5256]"
streetview_000345.jpg,19,indoor escalator,indoor escalator,0.4097,"[0.6816, 0.544, 0.769, 0.7092]"
streetview_000345.jpg,20,sign,sign,0.4549,"[0.2917, 0.185, 0.4287, 0.3049]"
streetview_000345.jpg,20,sign,sign,0.4444,"[0.0345, 0.152, 0.1524, 0.3154]"
streetview_000345.jpg,20,sign,sign,0.3758,"[0.4729, 0.3015, 0.4962, 0.3908]"
streetview_000345.jpg,20,sign,sign,0.39,"[0.6351, 0.3923, 0.6746, 0.4917]"
streetview_000345.jpg,20,sign,sign,0.3567,"[0.1341, 0.2421, 0.2324, 0.3773]"
streetview_000345.jpg,21,indoor glass door,indoor glass door,0.3959,"[0.8686, 0.3355, 0.9047, 0.5696]"
streetview_000345.jpg,22,shop front,shop front,0.3578,"[0.0025, 0.0028, 0.997, 0.9948]"
streetview_000360.jpg,0,footbridge entrance,footbridge entrance,0.2813,"[0.8384, 0.293, 0.9167, 0.6016]"
streetview_000360.jpg,0,footbridge entrance,footbridge entrance,0.3252,"[0.7995, 0.2899, 0.9178, 0.6064]"
streetview_000360.jpg,1,stairs,stairs,0.306,"[0.0004, 0.5599, 0.1252, 0.6082]"
streetview_000360.jpg,1,stairs,stairs,0.3088,"[0.6117, 0.551, 0.6635, 0.6372]"
streetview_000360.jpg,2,outdoor escalator,outdoor escalator,0.4597,"[0.673, 0.5473, 0.7662, 0.7183]"
streetview_000360.jpg,4,ramp,ramp,0.3093,"[0.6729, 0.5471, 0.7613, 0.7152]"
streetview_000360.jpg,4,ramp,ramp,0.2898,"[0.0015, 0.5071, 0.9966, 0.9983]"
streetview_000360.jpg,4,ramp,ramp,0.2133,"[0.6885, 0.5642, 0.7589, 0.6817]"
streetview_000360.jpg,6,pedestrian,pedestrian,0.689,"[0.185, 0.3885, 0.261, 0.7601]"
streetview_000360.jpg,6,pedestrian,pedestrian,0.6441,"[0.1235, 0.3999, 0.1878, 0.749]"
streetview_000360.jpg,6,pedestrian,pedestrian,0.5534,"[0.4989, 0.4391, 0.5424, 0.6403]"
streetview_000360.jpg,6,pedestrian,pedestrian,0.5218,"[0.4148, 0.4284, 0.4534, 0.606]"
streetview_000360.jpg,6,pedestrian,pedestrian,0.4839,"[0.7853, 0.4542, 0.828, 0.6407]"
streetview_000360.jpg,6,pedestrian,pedestrian,0.4836,"[0.457, 0.4391, 0.493, 0.607]"
streetview_000360.jpg,6,pedestrian,pedestrian,0.5619,"[0.3015, 0.4357, 0.3569, 0.6621]"
streetview_000360.jpg,7,rubbish bin,rubbish bin,0.3153,"[0.6869, 0.5633, 0.7596, 0.7165]"
streetview_000360.jpg,7,rubbish bin,rubbish bin,0.2658,"[0.6881, 0.5637, 0.7591, 0.6842]"
streetview_000360.jpg,7,rubbish bin,rubbish bin,0.286,"[0.6733, 0.5461, 0.7287, 0.6824]"
streetview_000360.jpg,7,rubbish bin,rubbish bin,0.4121,"[0.6732, 0.5466, 0.7609, 0.7173]"
streetview_000360.jpg,8,bollard,bollard,0.5578,"[0.6728, 0.5464, 0.7611, 0.7177]"
streetview_000360.jpg,10,water-filled barrier,water - filled barrier,0.4901,"[0.6728, 0.5468, 0.7638, 0.7141]"
streetview_000360.jpg,13,trolley,trolley,0.4253,"[0.6303, 0.5379, 0.6642, 0.634]"
streetview_000360.jpg,13,trolley,trolley,0.4116,"[0.6733, 0.5474, 0.7634, 0.7185]"
streetview_000360.jpg,13,trolley,trolley,0.3281,"[0.3011, 0.4676, 0.3187, 0.5458]"
streetview_000360.jpg,15,tactile paving,tactile paving,0.606,"[0.0015, 0.4883, 0.9941, 0.9972]"
streetview_000360.jpg,16,zebra crossing,zebra crossing,0.332,"[0.0021, 0.4923, 0.9898, 0.9961]"
streetview_000360.jpg,16,zebra crossing,zebra crossing,0.3155,"[0.2443, 0.7493, 0.3927, 0.8032]"
streetview_000360.jpg,17,glass door,glass door,0.3948,"[0.8402, 0.2925, 0.9152, 0.601]"
streetview_000360.jpg,17,glass door,glass door,0.3039,"[0.8606, 0.3361, 0.8981, 0.5728]"
streetview_000360.jpg,18,door,door,0.2806,"[0.8609, 0.3389, 0.8973, 0.5701]"
streetview_000360.jpg,18,door,door,0.2698,"[0.25, 0.3846, 0.2867, 0.5561]"
streetview_000360.jpg,18,door,door,0.2667,"[0.0531, 0.3061, 0.0919, 0.5594]"
streetview_000360.jpg,19,indoor escalator,indoor escalator,0.4083,"[0.6727, 0.5461, 0.7652, 0.7178]"
streetview_000360.jpg,20,sign,sign,0.4888,"[0.2743, 0.1795, 0.4139, 0.3003]"
streetview_000360.jpg,20,sign,sign,0.4494,"[0.0047, 0.1365, 0.1284, 0.3119]"
streetview_000360.jpg,20,sign,sign,0.4047,"[0.4601, 0.298, 0.4835, 0.3885]"
streetview_000360.jpg,20,sign,sign,0.3643,"[0.1095, 0.2344, 0.2128, 0.3735]"
streetview_000360.jpg,20,sign,sign,0.3248,"[0.6254, 0.3887, 0.6645, 0.4906]"
streetview_000360.jpg,20,sign,sign,0.2545,"[0.5498, 0.4346, 0.5649, 0.4608]"
streetview_000360.jpg,21,indoor glass door,indoor glass door,0.4274,"[0.8398, 0.2921, 0.9158, 0.6016]"
streetview_000360.jpg,22,shop front,shop front,0.3999,"[0.0021, 0.003, 0.9966, 0.9948]"
streetview_000375.jpg,0,footbridge entrance,footbridge entrance,0.2879,"[0.8152, 0.2833, 0.8962, 0.603]"
streetview_000375.jpg,0,footbridge entrance,footbridge entrance,0.346,"[0.7732, 0.2802, 0.8977, 0.6072]"
streetview_000375.jpg,2,outdoor escalator,outdoor escalator,0.4669,"[0.6512, 0.5447, 0.7505, 0.7224]"
streetview_000375.jpg,3,elevator,elevator,0.3053,"[0.777, 0.2819, 0.8969, 0.6051]"
streetview_000375.jpg,3,elevator,elevator,0.3016,"[0.816, 0.2869, 0.8947, 0.601]"
streetview_000375.jpg,4,ramp,ramp,0.3204,"[0.6515, 0.5462, 0.743, 0.7197]"
streetview_000375.jpg,4,ramp,ramp,0.2714,"[0.0017, 0.5041, 0.9725, 0.998]"
streetview_000375.jpg,6,pedestrian,pedestrian,0.6383,"[0.1735, 0.3793, 0.2427, 0.7506]"
streetview_000375.jpg,6,pedestrian,pedestrian,0.5924,"[0.4675, 0.4233, 0.5096, 0.6437]"
streetview_000375.jpg,6,pedestrian,pedestrian,0.6323,"[0.1073, 0.3959, 0.1747, 0.7448]"
streetview_000375.jpg,6,pedestrian,pedestrian,0.5201,"[0.3766, 0.4207, 0.4182, 0.6105]"
streetview_000375.jpg,6,pedestrian,pedestrian,0.4887,"[0.4147, 0.4349, 0.4556, 0.611]"
streetview_000375.jpg,6,pedestrian,pedestrian,0.5097,"[0.2305, 0.429, 0.2787, 0.6795]"
streetview_000375.jpg,6,pedestrian,pedestrian,0.4231,"[0.7551, 0.4516, 0.7907, 0.6338]"
streetview_000375.jpg,6,pedestrian,pedestrian,0.4021,"[0.5189, 0.4564, 0.5444, 0.5862]"
streetview_000375.jpg,7,rubbish bin,rubbish bin,0.4496,"[0.6523, 0.5466, 0.7431, 0.7209]"
streetview_000375.jpg,7,rubbish bin,rubbish bin,0.274,"[0.6526, 0.5461, 0.7055, 0.6765]"
streetview_000375.jpg,7,rubbish bin,rubbish bin,0.2757,"[0.6674, 0.5619, 0.7421, 0.7205]"
streetview_000375.jpg,8,bollard,bollard,0.4793,"[0.6515, 0.5469, 0.7436, 0.7212]"
streetview_000375.jpg,10,water-filled barrier,water - filled barrier,0.5422,"[0.6513, 0.5453, 0.7491, 0.7188]"
streetview_000375.jpg,11,bicycle,bicycle,0.3029,"[0.4532, 0.4876, 0.4701, 0.5351]"
streetview_000375.jpg,13,trolley,trolley,0.4293,"[0.6511, 0.5476, 0.7457, 0.7221]"
streetview_000375.jpg,13,trolley,trolley,0.4753,"[0.6048, 0.5232, 0.641, 0.6343]"
streetview_000375.jpg,14,step,step,0.3157,"[0.6645, 0.5606, 0.7416, 0.7208]"
streetview_000375.jpg,15,tactile paving,tactile paving,0.5958,"[0.0013, 0.4966, 0.9712, 0.9969]"
streetview_000375.jpg,16,zebra crossing,zebra crossing,0.3656,"[0.1957, 0.7631, 0.356, 0.8201]"
streetview_000375.jpg,16,zebra crossing,zebra crossing,0.3194,"[0.0021, 0.4837, 0.971, 0.9961]"
streetview_000375.jpg,17,glass door,glass door,0.3752,"[0.8174, 0.2859, 0.8936, 0.5988]"
streetview_000375.jpg,18,door,door,0.2951,"[0.9184, 0.2392, 0.9743, 0.6495]"
streetview_000375.jpg,18,door,door,0.2521,"[0.8371, 0.3198, 0.8899, 0.5915]"
streetview_000375.jpg,18,door,door,0.2995,"[0.838, 0.3266, 0.8761, 0.5713]"
streetview_000375.jpg,19,indoor escalator,indoor escalator,0.4017,"[0.6509, 0.5441, 0.7498, 0.722]"
streetview_000375.jpg,20,sign,sign,0.5221,"[0.2417, 0.1707, 0.3857, 0.2945]"
streetview_000375.jpg,20,sign,sign,0.4363,"[0.0002, 0.1395, 0.0877, 0.3005]"
streetview_000375.jpg,20,sign,sign,0.3885,"[0.433, 0.2936, 0.4567, 0.3862]"
streetview_000375.jpg,20,sign,sign,0.3429,"[0.0674, 0.2212, 0.1769, 0.3671]"
streetview_000375.jpg,20,sign,sign,0.2726,"[0.5244, 0.4326, 0.5388, 0.4595]"
streetview_000375.jpg,21,indoor glass door,indoor glass door,0.309,"[0.8364, 0.3105, 0.8904, 0.5893]"
streetview_000375.jpg,21,indoor glass door,indoor glass door,0.4112,"[0.8171, 0.2846, 0.8942, 0.6002]"
streetview_000375.jpg,22,shop front,shop front,0.4244,"[0.0021, 0.0031, 0.9948, 0.9947]"
streetview_000390.jpg,0,footbridge entrance,footbridge entrance,0.3227,"[0.693, 0.2683, 0.8875, 0.6148]"
streetview_000390.jpg,0,footbridge entrance,footbridge entrance,0.2909,"[0.9068, 0.1853, 0.9993, 0.6771]"
streetview_000390.jpg,0,footbridge entrance,footbridge entrance,0.2654,"[0.6403, 0.5585, 0.7401, 0.7354]"
streetview_000390.jpg,0,footbridge entrance,footbridge entrance,0.2777,"[0.7536, 0.2799, 0.8848, 0.6053]"
streetview_000390.jpg,2,outdoor escalator,outdoor escalator,0.5314,"[0.6392, 0.5558, 0.7401, 0.7373]"
streetview_000390.jpg,3,elevator,elevator,0.3136,"[0.907, 0.1871, 0.9997, 0.6715]"
streetview_000390.jpg,4,ramp,ramp,0.3069,"[0.6379, 0.5496, 0.7369, 0.7344]"
streetview_000390.jpg,4,ramp,ramp,0.254,"[0.0007, 0.5073, 0.9998, 0.9983]"
streetview_000390.jpg,4,ramp,ramp,0.21,"[0.6531, 0.5698, 0.729, 0.6973]"
streetview_000390.jpg,6,pedestrian,pedestrian,0.618,"[0.1787, 0.3808, 0.2423, 0.7524]"
streetview_000390.jpg,6,pedestrian,pedestrian,0.5964,"[0.4345, 0.4313, 0.4833, 0.6571]"
streetview_000390.jpg,6,pedestrian,pedestrian,0.564,"[0.1025, 0.4034, 0.1672, 0.7571]"
streetview_000390.jpg,6,pedestrian,pedestrian,0.4856,"[0.3841, 0.4318, 0.4232, 0.6213]"
streetview_000390.jpg,6,pedestrian,pedestrian,0.4186,"[0.3239, 0.4504, 0.3604, 0.6038]"
streetview_000390.jpg,6,pedestrian,pedestrian,0.4104,"[0.4971, 0.4561, 0.5233, 0.592]"
streetview_000390.jpg,6,pedestrian,pedestrian,0.4599,"[0.2788, 0.4583, 0.3081, 0.5778]"
streetview_000390.jpg,6,pedestrian,pedestrian,0.4803,"[0.3476, 0.4198, 0.389, 0.6206]"
streetview_000390.jpg,7,rubbish bin,rubbish bin,0.5453,"[0.6391, 0.5501, 0.7349, 0.7363]"
streetview_000390.jpg,7,rubbish bin,rubbish bin,0.2523,"[0.2754, 0.5361, 0.2989, 0.5992]"
streetview_000390.jpg,8,bollard,bollard,0.5628,"[0.6378, 0.5501, 0.7358, 0.7368]"
streetview_000390.jpg,10,water-filled barrier,water - filled barrier,0.5246,"[0.638, 0.5495, 0.7394, 0.7327]"
streetview_000390.jpg,13,trolley,trolley,0.5045,"[0.5866, 0.5327, 0.6245, 0.639]"
streetview_000390.jpg,13,trolley,trolley,0.5925,"[0.6386, 0.5513, 0.7387, 0.7375]"
streetview_000390.jpg,14,step,step,0.3344,"[0.6511, 0.5666, 0.7304, 0.735]"
streetview_000390.jpg,15,tactile paving,tactile paving,0.5795,"[0.0016, 0.4968, 0.9983, 0.9969]"
streetview_000390.jpg,16,zebra crossing,zebra crossing,0.3958,"[0.1424, 0.7866, 0.3197, 0.8522]"
streetview_000390.jpg,16,zebra crossing,zebra crossing,0.3017,"[0.0023, 0.4923, 0.9977, 0.9963]"
streetview_000390.jpg,17,glass door,glass door,0.3617,"[0.8242, 0.3263, 0.8641, 0.5764]"
streetview_000390.jpg,17,glass door,glass door,0.3112,"[0.9081, 0.2127, 0.9994, 0.6587]"
streetview_000390.jpg,17,glass door,glass door,0.3009,"[0.7668, 0.3399, 0.8052, 0.5598]"
streetview_000390.jpg,18,door,door,0.3272,"[0.9086, 0.2128, 0.9998, 0.6513]"
streetview_000390.jpg,18,door,door,0.335,"[0.8241, 0.3296, 0.8639, 0.5716]"
streetview_000390.jpg,18,door,door,0.2523,"[0.9142, 0.2287, 0.9894, 0.6183]"
streetview_000390.jpg,18,door,door,0.2732,"[0.7673, 0.3421, 0.805, 0.5594]"
streetview_000390.jpg,18,door,door,0.2888,"[0.9832, 0.2507, 0.9999, 0.6208]"
streetview_000390.jpg,18,door,door,0.2721,"[0.2991, 0.3823, 0.3255, 0.532]"
streetview_000390.jpg,19,indoor escalator,indoor escalator,0.4714,"[0.6389, 0.555, 0.74, 0.7372]"
streetview_000390.jpg,20,sign,sign,0.4866,"[0.2176, 0.1643, 0.364, 0.2893]"
streetview_000390.jpg,20,sign,sign,0.4359,"[0.4143, 0.2911, 0.4387, 0.3855]"
streetview_000390.jpg,20,sign,sign,0.3807,"[0.0327, 0.2127, 0.1462, 0.3646]"
streetview_000390.jpg,20,sign,sign,0.3996,"[0.0001, 0.1494, 0.0528, 0.2975]"
streetview_000390.jpg,20,sign,sign,0.3577,"[0.5832, 0.3813, 0.6261, 0.4895]"
streetview_000390.jpg,20,sign,sign,0.3253,"[0.0873, 0.4166, 0.1219, 0.4779]"
streetview_000390.jpg,20,sign,sign,0.2834,"[0.5077, 0.4321, 0.5228, 0.4584]"
streetview_000390.jpg,21,indoor glass door,indoor glass door,0.3277,"[0.8239, 0.325, 0.8645, 0.5773]"
streetview_000390.jpg,21,indoor glass door,indoor glass door,0.3145,"[0.9081, 0.2126, 0.9991, 0.6581]"
streetview_000390.jpg,21,indoor glass door,indoor glass door,0.3072,"[0.8027, 0.2779, 0.8834, 0.6003]"
streetview_000390.jpg,22,shop front,shop front,0.352,"[0.0022, 0.003, 0.9971, 0.9947]"
streetview_000405.jpg,0,footbridge entrance,footbridge entrance,0.2882,"[0.8054, 0.2752, 0.8949, 0.6154]"
streetview_000405.jpg,0,footbridge entrance,footbridge entrance,0.3112,"[0.7594, 0.2741, 0.8959, 0.619]"
streetview_000405.jpg,0,footbridge entrance,footbridge entrance,0.2758,"[0.6446, 0.5012, 0.7601, 0.7457]"
streetview_000405.jpg,1,stairs,stairs,0.3084,"[0.0014, 0.5138, 0.9987, 0.998]"
streetview_000405.jpg,2,outdoor escalator,outdoor escalator,0.4272,"[0.6456, 0.5561, 0.7532, 0.75]"
streetview_000405.jpg,4,ramp,ramp,0.305,"[0.6461, 0.5588, 0.7476, 0.7453]"
streetview_000405.jpg,4,ramp,ramp,0.2797,"[0.0007, 0.5104, 0.9998, 0.9984]"
streetview_000405.jpg,4,ramp,ramp,0.218,"[0.1061, 0.8155, 0.3076, 0.8829]"
streetview_000405.jpg,6,pedestrian,pedestrian,0.6592,"[0.2004, 0.387, 0.2586, 0.7529]"
streetview_000405.jpg,6,pedestrian,pedestrian,0.6273,"[0.1122, 0.4041, 0.1952, 0.7587]"
streetview_000405.jpg,6,pedestrian,pedestrian,0.6196,"[0.4239, 0.424, 0.4741, 0.6746]"
streetview_000405.jpg,6,pedestrian,pedestrian,0.5583,"[0.321, 0.4167, 0.3721, 0.6324]"
streetview_000405.jpg,6,pedestrian,pedestrian,0.552,"[0.0612, 0.4128, 0.1227, 0.7435]"
streetview_000405.jpg,6,pedestrian,pedestrian,0.529,"[0.3657, 0.4278, 0.4144, 0.6333]"
streetview_000405.jpg,6,pedestrian,pedestrian,0.4952,"[0.2655, 0.4458, 0.3043, 0.6169]"
streetview_000405.jpg,6,pedestrian,pedestrian,0.4247,"[0.4845, 0.4554, 0.5161, 0.5972]"
streetview_000405.jpg,6,pedestrian,pedestrian,0.4047,"[0.5491, 0.4611, 0.5781, 0.5946]"
streetview_000405.jpg,7,rubbish bin,rubbish bin,0.5723,"[0.645, 0.5575, 0.7474, 0.7479]"
streetview_000405.jpg,7,rubbish bin,rubbish bin,0.2594,"[0.6464, 0.5575, 0.7078, 0.7036]"
streetview_000405.jpg,8,bollard,bollard,0.4862,"[0.6447, 0.5577, 0.7475, 0.7493]"
streetview_000405.jpg,10,water-filled barrier,water - filled barrier,0.5733,"[0.6457, 0.5571, 0.7506, 0.7404]"
streetview_000405.jpg,13,trolley,trolley,0.4938,"[0.6459, 0.5591, 0.7497, 0.7509]"
streetview_000405.jpg,13,trolley,trolley,0.4119,"[0.5907, 0.552, 0.6264, 0.6449]"
streetview_000405.jpg,15,tactile paving,tactile paving,0.5761,"[0.0015, 0.491, 0.9983, 0.9966]"
streetview_000405.jpg,16,zebra crossing,zebra crossing,0.4456,"[0.1061, 0.8131, 0.3089, 0.8858]"
streetview_000405.jpg,17,glass door,glass door,0.3783,"[0.8289, 0.325, 0.8727, 0.5763]"
streetview_000405.jpg,17,glass door,glass door,0.3457,"[0.8079, 0.2804, 0.8927, 0.6121]"
streetview_000405.jpg,18,door,door,0.2847,"[0.9209, 0.2111, 0.9998, 0.6707]"
streetview_000405.jpg,18,door,door,0.3281,"[0.8296, 0.329, 0.8715, 0.5735]"
streetview_000405.jpg,18,door,door,0.282,"[0.7696, 0.3415, 0.809, 0.5611]"
streetview_000405.jpg,18,door,door,0.3079,"[0.2944, 0.3816, 0.3201, 0.5269]"
streetview_000405.jpg,18,door,door,0.2872,"[0.1541, 0.3707, 0.2037, 0.5623]"
streetview_000405.jpg,18,door,door,0.258,"[0.9279, 0.2529, 0.9993, 0.6238]"
streetview_000405.jpg,19,indoor escalator,indoor escalator,0.3857,"[0.6451, 0.5555, 0.7531, 0.7494]"
streetview_000405.jpg,20,sign,sign,0.4702,"[0.2098, 0.157, 0.3596, 0.2867]"
streetview_000405.jpg,20,sign,sign,0.4054,"[0.4105, 0.2877, 0.4351, 0.3842]"
streetview_000405.jpg,20,sign,sign,0.3524,"[0.0001, 0.1527, 0.0387, 0.2924]"
streetview_000405.jpg,20,sign,sign,0.3132,"[0.0185, 0.2051, 0.1326, 0.3609]"
streetview_000405.jpg,20,sign,sign,0.29,"[0.5856, 0.3779, 0.6285, 0.4902]"
streetview_000405.jpg,21,indoor glass door,indoor glass door,0.3443,"[0.8287, 0.3236, 0.8728, 0.5777]"
streetview_000405.jpg,21,indoor glass door,indoor glass door,0.3703,"[0.8076, 0.28, 0.8931, 0.6124]"
streetview_000405.jpg,22,shop front,shop front,0.4063,"[0.0022, 0.003, 0.9972, 0.995]"
streetview_000420.jpg,0,footbridge entrance,footbridge entrance,0.2696,"[0.6426, 0.5583, 0.7548, 0.7586]"
streetview_000420.jpg,0,footbridge entrance,footbridge entrance,0.2844,"[0.804, 0.2632, 0.8971, 0.6169]"
streetview_000420.jpg,0,footbridge entrance,footbridge entrance,0.2704,"[0.6424, 0.4986, 0.758, 0.7572]"
streetview_000420.jpg,1,stairs,stairs,0.3001,"[0.0012, 0.5241, 0.9989, 0.9979]"
streetview_000420.jpg,2,outdoor escalator,outdoor escalator,0.4396,"[0.6421, 0.5561, 0.7553, 0.7603]"
streetview_000420.jpg,4,ramp,ramp,0.3296,"[0.6425, 0.5583, 0.7529, 0.7551]"
streetview_000420.jpg,4,ramp,ramp,0.239,"[0.0557, 0.8376, 0.2767, 0.9157]"
streetview_000420.jpg,4,ramp,ramp,0.2871,"[0.0009, 0.5175, 0.9994, 0.9982]"
streetview_000420.jpg,4,ramp,ramp,0.222,"[0.0402, 0.564, 0.088, 0.6011]"
streetview_000420.jpg,6,pedestrian,pedestrian,0.6085,"[0.3971, 0.4218, 0.4496, 0.685]"
streetview_000420.jpg,6,pedestrian,pedestrian,0.6019,"[0.1221, 0.4021, 0.1972, 0.7528]"
streetview_000420.jpg,6,pedestrian,pedestrian,0.5451,"[0.2918, 0.4122, 0.3395, 0.6447]"
streetview_000420.jpg,6,pedestrian,pedestrian,0.5306,"[0.3433, 0.4184, 0.3894, 0.6426]"
streetview_000420.jpg,6,pedestrian,pedestrian,0.6446,"[0.1929, 0.384, 0.2708, 0.7484]"
streetview_000420.jpg,7,rubbish bin,rubbish bin,0.5391,"[0.643, 0.5573, 0.7519, 0.7586]"
streetview_000420.jpg,8,bollard,bollard,0.5768,"[0.6421, 0.5574, 0.7526, 0.7603]"
streetview_000420.jpg,10,water-filled barrier,water - filled barrier,0.5951,"[0.6427, 0.5576, 0.7538, 0.7504]"
streetview_000420.jpg,13,trolley,trolley,0.4178,"[0.5827, 0.5424, 0.6209, 0.6485]"
streetview_000420.jpg,13,trolley,trolley,0.3281,"[0.6423, 0.497, 0.7584, 0.7605]"
streetview_000420.jpg,13,trolley,trolley,0.4158,"[0.6425, 0.5579, 0.7539, 0.7615]"
streetview_000420.jpg,14,step,step,0.3139,"[0.0401, 0.5643, 0.0881, 0.6013]"
streetview_000420.jpg,14,step,step,0.3163,"[0.6451, 0.5596, 0.7526, 0.7597]"
streetview_000420.jpg,15,tactile paving,tactile paving,0.5719,"[0.0017, 0.5055, 0.9983, 0.9969]"
streetview_000420.jpg,16,zebra crossing,zebra crossing,0.4503,"[0.0559, 0.8348, 0.2779, 0.918]"
streetview_000420.jpg,17,glass door,glass door,0.4039,"[0.8273, 0.3196, 0.8739, 0.5746]"
streetview_000420.jpg,17,glass door,glass door,0.3272,"[0.8057, 0.2676, 0.8952, 0.6128]"
streetview_000420.jpg,18,door,door,0.3064,"[0.924, 0.1841, 0.9997, 0.6633]"
streetview_000420.jpg,18,door,door,0.3467,"[0.8283, 0.3246, 0.8724, 0.5721]"
streetview_000420.jpg,18,door,door,0.3101,"[0.7659, 0.3334, 0.8067, 0.5644]"
streetview_000420.jpg,19,indoor escalator,indoor escalator,0.4069,"[0.6421, 0.5557, 0.7551, 0.7601]"
streetview_000420.jpg,20,sign,sign,0.5205,"[0.1951, 0.1493, 0.349, 0.2825]"
streetview_000420.jpg,20,sign,sign,0.4015,"[0.4004, 0.286, 0.4268, 0.3821]"
streetview_000420.jpg,20,sign,sign,0.3499,"[0.0003, 0.194, 0.1206, 0.3578]"
streetview_000420.jpg,20,sign,sign,0.3599,"[0.0507, 0.4105, 0.0889, 0.4797]"
streetview_000420.jpg,20,sign,sign,0.3876,"[0.5782, 0.373, 0.6226, 0.4884]"
streetview_000420.jpg,20,sign,sign,0.2508,"[0.6318, 0.2837, 0.6663, 0.3233]"
streetview_000420.jpg,21,indoor glass door,indoor glass door,0.3708,"[0.8269, 0.3182, 0.8743, 0.5759]"
streetview_000420.jpg,21,indoor glass door,indoor glass door,0.343,"[0.8053, 0.2678, 0.8955, 0.6136]"
streetview_000420.jpg,22,shop front,shop front,0.409,"[0.0022, 0.003, 0.9972, 0.995]"
streetview_000435.jpg,0,footbridge entrance,footbridge entrance,0.293,"[0.6498, 0.5661, 0.7681, 0.7761]"
streetview_000435.jpg,0,footbridge entrance,footbridge entrance,0.3032,"[0.8104, 0.2646, 0.9069, 0.6198]"
streetview_000435.jpg,0,footbridge entrance,footbridge entrance,0.2677,"[0.6489, 0.5046, 0.7745, 0.7762]"
streetview_000435.jpg,2,outdoor escalator,outdoor escalator,0.4665,"[0.6496, 0.5642, 0.7685, 0.7779]"
streetview_000435.jpg,3,elevator,elevator,0.3027,"[0.0229, 0.406, 0.0772, 0.6048]"
streetview_000435.jpg,4,ramp,ramp,0.3266,"[0.6494, 0.5642, 0.7666, 0.7743]"
streetview_000435.jpg,4,ramp,ramp,0.262,"[0.0254, 0.5673, 0.0756, 0.6056]"
streetview_000435.jpg,4,ramp,ramp,0.2955,"[0.0009, 0.5282, 0.9996, 0.9985]"
streetview_000435.jpg,6,pedestrian,pedestrian,0.6513,"[0.3677, 0.4021, 0.4305, 0.7046]"
streetview_000435.jpg,6,pedestrian,pedestrian,0.6151,"[0.2082, 0.3878, 0.2685, 0.7471]"
streetview_000435.jpg,6,pedestrian,pedestrian,0.552,"[0.2564, 0.3979, 0.3137, 0.6561]"
streetview_000435.jpg,6,pedestrian,pedestrian,0.6073,"[0.142, 0.3986, 0.2215, 0.7514]"
streetview_000435.jpg,6,pedestrian,pedestrian,0.5394,"[0.3158, 0.4133, 0.3657, 0.6596]"
streetview_000435.jpg,6,pedestrian,pedestrian,0.4651,"[0.5433, 0.4578, 0.5785, 0.6361]"
streetview_000435.jpg,6,pedestrian,pedestrian,0.4843,"[0.0905, 0.4374, 0.1404, 0.669]"
streetview_000435.jpg,6,pedestrian,pedestrian,0.4342,"[0.4283, 0.4433, 0.4631, 0.6051]"
streetview_000435.jpg,6,pedestrian,pedestrian,0.4263,"[0.4658, 0.4517, 0.4982, 0.6083]"
streetview_000435.jpg,7,rubbish bin,rubbish bin,0.5105,"[0.6497, 0.5635, 0.7661, 0.7766]"
streetview_000435.jpg,7,rubbish bin,rubbish bin,0.2718,"[0.6585, 0.5014, 0.6975, 0.5685]"
streetview_000435.jpg,8,bollard,bollard,0.6271,"[0.6493, 0.5638, 0.7665, 0.7782]"
streetview_000435.jpg,10,water-filled barrier,water - filled barrier,0.6084,"[0.6493, 0.5636, 0.7668, 0.7701]"
streetview_000435.jpg,13,trolley,trolley,0.4591,"[0.6498, 0.5649, 0.7676, 0.7787]"
streetview_000435.jpg,13,trolley,trolley,0.4424,"[0.588, 0.5558, 0.624, 0.655]"
streetview_000435.jpg,13,trolley,trolley,0.307,"[0.6491, 0.5021, 0.778, 0.7781]"
streetview_000435.jpg,14,step,step,0.338,"[0.0253, 0.5674, 0.0758, 0.6057]"
streetview_000435.jpg,14,step,step,0.3261,"[0.6532, 0.5701, 0.7665, 0.7763]"
streetview_000435.jpg,15,tactile paving,tactile paving,0.5538,"[0.0016, 0.5177, 0.9984, 0.997]"
streetview_000435.jpg,16,zebra crossing,zebra crossing,0.3527,"[0.0022, 0.5178, 0.9978, 0.9965]"
streetview_000435.jpg,16,zebra crossing,zebra crossing,0.3125,"[0.0041, 0.8689, 0.2539, 0.9912]"
streetview_000435.jpg,17,glass door,glass door,0.4669,"[0.834, 0.3185, 0.8838, 0.5829]"
streetview_000435.jpg,18,door,door,0.3496,"[0.8345, 0.324, 0.8829, 0.5774]"
streetview_000435.jpg,18,door,door,0.3017,"[0.9481, 0.2153, 0.9997, 0.632]"
streetview_000435.jpg,18,door,door,0.2759,"[0.9055, 0.2601, 0.9468, 0.6146]"
streetview_000435.jpg,18,door,door,0.2668,"[0.7725, 0.3323, 0.8136, 0.5646]"
streetview_000435.jpg,19,indoor escalator,indoor escalator,0.4474,"[0.6492, 0.5633, 0.7681, 0.7776]"
streetview_000435.jpg,20,sign,sign,0.4955,"[0.1888, 0.1443, 0.3463, 0.2796]"
streetview_000435.jpg,20,sign,sign,0.4195,"[0.5808, 0.3696, 0.6267, 0.4911]"
streetview_000435.jpg,20,sign,sign,0.3953,"[0.3996, 0.2851, 0.4259, 0.3823]"
streetview_000435.jpg,20,sign,sign,0.3718,"[0.036, 0.4093, 0.0758, 0.4803]"
streetview_000435.jpg,20,sign,sign,0.3106,"[0.0003, 0.1885, 0.1118, 0.3563]"
streetview_000435.jpg,20,sign,sign,0.252,"[0.64, 0.275, 0.6704, 0.3203]"
streetview_000435.jpg,21,indoor glass door,indoor glass door,0.4616,"[0.8335, 0.3164, 0.8843, 0.5845]"
streetview_000435.jpg,22,shop front,shop front,0.4022,"[0.0023, 0.0032, 0.9972, 0.9948]"
streetview_000450.jpg,0,footbridge entrance,footbridge entrance,0.3249,"[0.6632, 0.5024, 0.7955, 0.8038]"
streetview_000450.jpg,0,footbridge entrance,footbridge entrance,0.2818,"[0.6648, 0.5883, 0.7913, 0.8044]"
streetview_000450.jpg,0,footbridge entrance,footbridge entrance,0.2899,"[0.8225, 0.2743, 0.925, 0.6219]"
streetview_000450.jpg,2,outdoor escalator,outdoor escalator,0.3915,"[0.6627, 0.5061, 0.7961, 0.8063]"
streetview_000450.jpg,2,outdoor escalator,outdoor escalator,0.3993,"[0.6653, 0.5804, 0.7918, 0.8057]"
streetview_000450.jpg,4,ramp,ramp,0.3136,"[0.6645, 0.5781, 0.7906, 0.8006]"
streetview_000450.jpg,4,ramp,ramp,0.2482,"[0.0127, 0.5737, 0.0662, 0.612]"
streetview_000450.jpg,4,ramp,ramp,0.2718,"[0.0009, 0.5132, 0.9994, 0.9982]"
streetview_000450.jpg,6,pedestrian,pedestrian,0.6611,"[0.36, 0.3955, 0.4241, 0.7329]"
streetview_000450.jpg,6,pedestrian,pedestrian,0.5612,"[0.1664, 0.4016, 0.2293, 0.7537]"
streetview_000450.jpg,6,pedestrian,pedestrian,0.5311,"[0.2915, 0.4086, 0.3399, 0.6795]"
streetview_000450.jpg,6,pedestrian,pedestrian,0.4571,"[0.5328, 0.4579, 0.5692, 0.6509]"
streetview_000450.jpg,6,pedestrian,pedestrian,0.4511,"[0.0844, 0.4363, 0.1215, 0.6184]"
streetview_000450.jpg,6,pedestrian,pedestrian,0.4083,"[0.5918, 0.5011, 0.6305, 0.6654]"
streetview_000450.jpg,6,pedestrian,pedestrian,0.4157,"[0.4552, 0.4518, 0.4951, 0.6201]"
streetview_000450.jpg,6,pedestrian,pedestrian,0.4337,"[0.4214, 0.4426, 0.4572, 0.6155]"
streetview_000450.jpg,6,pedestrian,pedestrian,0.5871,"[0.2156, 0.3952, 0.2959, 0.7543]"
streetview_000450.jpg,7,rubbish bin,rubbish bin,0.4329,"[0.6644, 0.5782, 0.791, 0.8032]"
streetview_000450.jpg,7,rubbish bin,rubbish bin,0.2765,"[0.6633, 0.5065, 0.8009, 0.8038]"
streetview_000450.jpg,7,rubbish bin,rubbish bin,0.271,"[0.664, 0.5742, 0.7396, 0.7591]"
streetview_000450.jpg,8,bollard,bollard,0.5144,"[0.6645, 0.5791, 0.7911, 0.8046]"
streetview_000450.jpg,10,water-filled barrier,water - filled barrier,0.507,"[0.664, 0.5787, 0.791, 0.7982]"
streetview_000450.jpg,10,water-filled barrier,water - filled barrier,0.274,"[0.663, 0.5069, 0.7936, 0.7987]"
streetview_000450.jpg,13,trolley,trolley,0.3688,"[0.6827, 0.5948, 0.7905, 0.8053]"
streetview_000450.jpg,13,trolley,trolley,0.4144,"[0.5942, 0.56, 0.6317, 0.6644]"
streetview_000450.jpg,13,trolley,trolley,0.3472,"[0.6634, 0.5053, 0.7979, 0.8055]"
streetview_000450.jpg,14,step,step,0.3651,"[0.0129, 0.5737, 0.0665, 0.6125]"
streetview_000450.jpg,14,step,step,0.3459,"[0.6661, 0.5781, 0.7908, 0.8039]"
streetview_000450.jpg,15,tactile paving,tactile paving,0.5572,"[0.0016, 0.4958, 0.9984, 0.9968]"
streetview_000450.jpg,16,zebra crossing,zebra crossing,0.3551,"[0.0022, 0.4985, 0.9979, 0.9965]"
streetview_000450.jpg,17,glass door,glass door,0.5313,"[0.8445, 0.317, 0.9004, 0.5922]"
streetview_000450.jpg,18,door,door,0.3603,"[0.8453, 0.3241, 0.8986, 0.5835]"
streetview_000450.jpg,18,door,door,0.3203,"[0.7796, 0.3332, 0.8233, 0.5731]"
streetview_000450.jpg,18,door,door,0.2784,"[0.9227, 0.2535, 0.9683, 0.623]"
streetview_000450.jpg,19,indoor escalator,indoor escalator,0.3909,"[0.664, 0.5776, 0.7915, 0.8053]"
streetview_000450.jpg,19,indoor escalator,indoor escalator,0.3989,"[0.6626, 0.5061, 0.7956, 0.8062]"
streetview_000450.jpg,20,sign,sign,0.5176,"[0.1846, 0.1397, 0.3448, 0.277]"
streetview_000450.jpg,20,sign,sign,0.3922,"[0.3996, 0.2839, 0.4258, 0.3824]"
streetview_000450.jpg,20,sign,sign,0.4284,"[0.5859, 0.3686, 0.6345, 0.4951]"
streetview_000450.jpg,20,sign,sign,0.3493,"[0.0002, 0.1882, 0.105, 0.3555]"
streetview_000450.jpg,20,sign,sign,0.3611,"[0.0224, 0.4098, 0.0654, 0.483]"
streetview_000450.jpg,20,sign,sign,0.2537,"[0.6335, 0.2649, 0.6761, 0.3215]"
streetview_000450.jpg,21,indoor glass door,indoor glass door,0.4848,"[0.8427, 0.3119, 0.91, 0.604]"
streetview_000450.jpg,22,shop front,shop front,0.3973,"[0.0022, 0.0031, 0.9972, 0.9948]"
streetview_000465.jpg,0,footbridge entrance,footbridge entrance,0.3249,"[0.6704, 0.5077, 0.7821, 0.6141]"
streetview_000465.jpg,0,footbridge entrance,footbridge entrance,0.2787,"[0.8269, 0.2515, 0.9373, 0.6283]"
streetview_000465.jpg,2,outdoor escalator,outdoor escalator,0.4314,"[0.6673, 0.5848, 0.8057, 0.8412]"
streetview_000465.jpg,4,ramp,ramp,0.3175,"[0.6677, 0.5841, 0.8042, 0.8379]"
streetview_000465.jpg,4,ramp,ramp,0.2753,"[0.0007, 0.5165, 0.9998, 0.9985]"
streetview_000465.jpg,4,ramp,ramp,0.2368,"[0.0002, 0.5803, 0.046, 0.6204]"
streetview_000465.jpg,6,pedestrian,pedestrian,0.6539,"[0.3315, 0.3956, 0.3973, 0.7718]"
streetview_000465.jpg,6,pedestrian,pedestrian,0.5401,"[0.5117, 0.4547, 0.554, 0.6626]"
streetview_000465.jpg,6,pedestrian,pedestrian,0.5554,"[0.1558, 0.4053, 0.2337, 0.7556]"
streetview_000465.jpg,6,pedestrian,pedestrian,0.4696,"[0.0613, 0.4395, 0.1062, 0.6262]"
streetview_000465.jpg,6,pedestrian,pedestrian,0.593,"[0.2407, 0.4016, 0.3098, 0.771]"
streetview_000465.jpg,6,pedestrian,pedestrian,0.454,"[0.4054, 0.4393, 0.4463, 0.6226]"
streetview_000465.jpg,6,pedestrian,pedestrian,0.4529,"[0.4418, 0.4494, 0.482, 0.6292]"
streetview_000465.jpg,7,rubbish bin,rubbish bin,0.4276,"[0.6675, 0.5842, 0.8045, 0.8392]"
streetview_000465.jpg,7,rubbish bin,rubbish bin,0.254,"[0.7267, 0.5215, 0.807, 0.6223]"
streetview_000465.jpg,7,rubbish bin,rubbish bin,0.2532,"[0.7684, 0.5531, 0.8074, 0.6237]"
streetview_000465.jpg,7,rubbish bin,rubbish bin,0.2681,"[0.6715, 0.5106, 0.7089, 0.5931]"
streetview_000465.jpg,7,rubbish bin,rubbish bin,0.2619,"[0.6677, 0.5846, 0.7503, 0.7842]"
streetview_000465.jpg,8,bollard,bollard,0.6107,"[0.667, 0.5838, 0.8047, 0.8405]"
streetview_000465.jpg,10,water-filled barrier,water - filled barrier,0.496,"[0.6671, 0.5842, 0.8049, 0.8352]"
streetview_000465.jpg,13,trolley,trolley,0.3934,"[0.6668, 0.5131, 0.8102, 0.8408]"
streetview_000465.jpg,13,trolley,trolley,0.35,"[0.6678, 0.5866, 0.8049, 0.8411]"
streetview_000465.jpg,13,trolley,trolley,0.3215,"[0.5929, 0.5027, 0.6324, 0.6761]"
streetview_000465.jpg,14,step,step,0.3984,"[0.0002, 0.5799, 0.046, 0.6205]"
streetview_000465.jpg,14,step,step,0.3136,"[0.6694, 0.5855, 0.8047, 0.8387]"
streetview_000465.jpg,15,tactile paving,tactile paving,0.5618,"[0.0016, 0.5052, 0.9984, 0.9975]"
streetview_000465.jpg,16,zebra crossing,zebra crossing,0.338,"[0.0022, 0.5001, 0.9979, 0.9965]"
streetview_000465.jpg,17,glass door,glass door,0.485,"[0.8523, 0.3092, 0.9091, 0.5924]"
streetview_000465.jpg,17,glass door,glass door,0.3048,"[0.8302, 0.2602, 0.9335, 0.6248]"
streetview_000465.jpg,17,glass door,glass door,0.3184,"[0.7799, 0.3266, 0.8303, 0.579]"
streetview_000465.jpg,18,door,door,0.3616,"[0.8528, 0.3154, 0.9083, 0.5875]"
streetview_000465.jpg,18,door,door,0.3095,"[0.9367, 0.2477, 0.9835, 0.6299]"
streetview_000465.jpg,18,door,door,0.2864,"[0.7825, 0.3279, 0.8301, 0.5927]"
streetview_000465.jpg,19,indoor escalator,indoor escalator,0.4257,"[0.6672, 0.5839, 0.8055, 0.841]"
streetview_000465.jpg,20,sign,sign,0.4897,"[0.1751, 0.1356, 0.3383, 0.2741]"
streetview_000465.jpg,20,sign,sign,0.413,"[0.3951, 0.2814, 0.4229, 0.3835]"
streetview_000465.jpg,20,sign,sign,0.3969,"[0.004, 0.4102, 0.0465, 0.4855]"
streetview_000465.jpg,20,sign,sign,0.4801,"[0.5861, 0.3656, 0.6358, 0.4969]"
streetview_000465.jpg,20,sign,sign,0.3969,"[0.0002, 0.1919, 0.0912, 0.3546]"
streetview_000465.jpg,20,sign,sign,0.3378,"[0.3008, 0.3156, 0.3513, 0.4073]"
streetview_000465.jpg,20,sign,sign,0.2964,"[0.639, 0.2563, 0.6784, 0.3159]"
streetview_000465.jpg,20,sign,sign,0.2942,"[0.4968, 0.4335, 0.5123, 0.4608]"
streetview_000465.jpg,20,sign,sign,0.2551,"[0.2502, 0.2997, 0.2804, 0.3417]"
streetview_000465.jpg,21,indoor glass door,indoor glass door,0.4914,"[0.8517, 0.3071, 0.9097, 0.5959]"
streetview_000465.jpg,21,indoor glass door,indoor glass door,0.3228,"[0.8303, 0.2606, 0.9336, 0.6262]"
streetview_000465.jpg,22,shop front,shop front,0.3595,"[0.6977, 0.2131, 0.9926, 0.6681]"
streetview_000480.jpg,0,footbridge entrance,footbridge entrance,0.3223,"[0.6725, 0.5077, 0.798, 0.6826]"
streetview_000480.jpg,0,footbridge entrance,footbridge entrance,0.2631,"[0.6718, 0.5072, 0.8353, 0.6834]"
streetview_000480.jpg,0,footbridge entrance,footbridge entrance,0.2983,"[0.8365, 0.2416, 0.9621, 0.6466]"
streetview_000480.jpg,0,footbridge entrance,footbridge entrance,0.2775,"[0.6729, 0.5083, 0.719, 0.6819]"
streetview_000480.jpg,2,outdoor escalator,outdoor escalator,0.3583,"[0.6812, 0.5914, 0.8352, 0.8627]"
streetview_000480.jpg,3,elevator,elevator,0.337,"[0.0408, 0.4075, 0.1135, 0.5927]"
streetview_000480.jpg,3,elevator,elevator,0.3004,"[0.8376, 0.2418, 0.9602, 0.6467]"
streetview_000480.jpg,4,ramp,ramp,0.3138,"[0.6813, 0.5841, 0.8333, 0.8585]"
streetview_000480.jpg,4,ramp,ramp,0.2677,"[0.0008, 0.5193, 0.9996, 0.9982]"
streetview_000480.jpg,6,pedestrian,pedestrian,0.6377,"[0.2844, 0.3712, 0.3682, 0.8052]"
streetview_000480.jpg,6,pedestrian,pedestrian,0.5973,"[0.1107, 0.372, 0.1901, 0.7354]"
streetview_000480.jpg,6,pedestrian,pedestrian,0.5741,"[0.4969, 0.4488, 0.5441, 0.677]"
streetview_000480.jpg,6,pedestrian,pedestrian,0.5077,"[0.4227, 0.447, 0.4687, 0.6363]"
streetview_000480.jpg,6,pedestrian,pedestrian,0.5011,"[0.3858, 0.4331, 0.4311, 0.6292]"
streetview_000480.jpg,6,pedestrian,pedestrian,0.5204,"[0.1785, 0.401, 0.2618, 0.7562]"
streetview_000480.jpg,6,pedestrian,pedestrian,0.4741,"[0.041, 0.4347, 0.0913, 0.6278]"
streetview_000480.jpg,6,pedestrian,pedestrian,0.4546,"[0.6458, 0.459, 0.682, 0.6306]"
streetview_000480.jpg,6,pedestrian,pedestrian,0.4263,"[0.5927, 0.5059, 0.639, 0.6805]"
streetview_000480.jpg,6,pedestrian,pedestrian,0.4156,"[0.7064, 0.452, 0.7351, 0.5902]"
streetview_000480.jpg,6,pedestrian,pedestrian,0.4485,"[0.802, 0.4497, 0.8341, 0.5539]"
streetview_000480.jpg,7,rubbish bin,rubbish bin,0.4508,"[0.6809, 0.5842, 0.8337, 0.8608]"
streetview_000480.jpg,7,rubbish bin,rubbish bin,0.2538,"[0.6713, 0.5095, 0.7179, 0.6813]"
streetview_000480.jpg,8,bollard,bollard,0.6128,"[0.6808, 0.5837, 0.8346, 0.8623]"
streetview_000480.jpg,10,water-filled barrier,water - filled barrier,0.3957,"[0.6802, 0.5837, 0.834, 0.8582]"
streetview_000480.jpg,10,water-filled barrier,water - filled barrier,0.2853,"[0.6752, 0.5107, 0.8358, 0.6855]"
streetview_000480.jpg,13,trolley,trolley,0.3626,"[0.6808, 0.5859, 0.8351, 0.8629]"
streetview_000480.jpg,13,trolley,trolley,0.3837,"[0.5986, 0.5657, 0.6373, 0.6787]"
streetview_000480.jpg,13,trolley,trolley,0.3733,"[0.68, 0.5143, 0.8423, 0.8628]"
streetview_000480.jpg,14,step,step,0.3033,"[0.0001, 0.581, 0.0275, 0.6219]"
streetview_000480.jpg,14,step,step,0.3406,"[0.6835, 0.5866, 0.8343, 0.8603]"
streetview_000480.jpg,15,tactile paving,tactile paving,0.5571,"[0.0015, 0.5077, 0.9985, 0.9973]"
streetview_000480.jpg,16,zebra crossing,zebra crossing,0.3152,"[0.0022, 0.5023, 0.9978, 0.9961]"
streetview_000480.jpg,17,glass door,glass door,0.3457,"[0.8613, 0.2968, 0.9453, 0.6082]"
streetview_000480.jpg,17,glass door,glass door,0.3795,"[0.7873, 0.3205, 0.8395, 0.5771]"
streetview_000480.jpg,17,glass door,glass door,0.3646,"[0.863, 0.3022, 0.9252, 0.5921]"
streetview_000480.jpg,18,door,door,0.3079,"[0.0995, 0.3612, 0.14, 0.5789]"
streetview_000480.jpg,18,door,door,0.3256,"[0.8641, 0.3051, 0.9241, 0.5873]"
streetview_000480.jpg,18,door,door,0.2578,"[0.0966, 0.3538, 0.1856, 0.5834]"
streetview_000480.jpg,18,door,door,0.2705,"[0.9572, 0.2306, 0.9996, 0.6334]"
streetview_000480.jpg,18,door,door,0.2891,"[0.7886, 0.3216, 0.8392, 0.5762]"
streetview_000480.jpg,18,door,door,0.2522,"[0.2672, 0.3758, 0.298, 0.5439]"
streetview_000480.jpg,20,sign,sign,0.4858,"[0.168, 0.1258, 0.3347, 0.2678]"
streetview_000480.jpg,20,sign,sign,0.4634,"[0.5888, 0.3573, 0.6419, 0.4938]"
streetview_000480.jpg,20,sign,sign,0.4044,"[0.3947, 0.2779, 0.422, 0.3809]"
streetview_000480.jpg,20,sign,sign,0.3031,"[0.0002, 0.1872, 0.0804, 0.3481]"
streetview_000480.jpg,20,sign,sign,0.2817,"[0.0001, 0.406, 0.029, 0.4823]"
streetview_000480.jpg,20,sign,sign,0.2967,"[0.2981, 0.3131, 0.3504, 0.407]"
streetview_000480.jpg,20,sign,sign,0.2589,"[0.6363, 0.2346, 0.6831, 0.3098]"
streetview_000480.jpg,21,indoor glass door,indoor glass door,0.3752,"[0.8611, 0.2965, 0.9446, 0.6109]"
streetview_000480.jpg,21,indoor glass door,indoor glass door,0.3599,"[0.787, 0.3203, 0.8398, 0.5783]"
streetview_000480.jpg,21,indoor glass door,indoor glass door,0.3211,"[0.8628, 0.3012, 0.9256, 0.5938]"
streetview_000480.jpg,22,shop front,shop front,0.3824,"[0.0021, 0.0031, 0.9972, 0.9945]"
streetview_000495.jpg,0,footbridge entrance,footbridge entrance,0.2721,"[0.7001, 0.6118, 0.8668, 0.8933]"
streetview_000495.jpg,0,footbridge entrance,footbridge entrance,0.2923,"[0.6803, 0.5022, 0.7304, 0.6877]"
streetview_000495.jpg,0,footbridge entrance,footbridge entrance,0.2636,"[0.8533, 0.2288, 0.984, 0.6504]"
streetview_000495.jpg,0,footbridge entrance,footbridge entrance,0.2541,"[0.6963, 0.2119, 0.9899, 0.665]"
streetview_000495.jpg,2,outdoor escalator,outdoor escalator,0.4764,"[0.6965, 0.6057, 0.8672, 0.8959]"
streetview_000495.jpg,3,elevator,elevator,0.3257,"[0.8525, 0.2309, 0.9826, 0.6481]"
streetview_000495.jpg,4,ramp,ramp,0.3309,"[0.6956, 0.5813, 0.8651, 0.89]"
streetview_000495.jpg,4,ramp,ramp,0.2784,"[0.0004, 0.5274, 1.0001, 0.9982]"
streetview_000495.jpg,6,pedestrian,pedestrian,0.6227,"[0.0309, 0.3539, 0.1246, 0.7733]"
streetview_000495.jpg,6,pedestrian,pedestrian,0.5877,"[0.4928, 0.4408, 0.5429, 0.6916]"
streetview_000495.jpg,6,pedestrian,pedestrian,0.6155,"[0.2384, 0.3663, 0.3192, 0.8394]"
streetview_000495.jpg,6,pedestrian,pedestrian,0.6322,"[0.1171, 0.3688, 0.183, 0.7588]"
streetview_000495.jpg,6,pedestrian,pedestrian,0.4731,"[0.3718, 0.4252, 0.4185, 0.6385]"
streetview_000495.jpg,6,pedestrian,pedestrian,0.4864,"[0.4155, 0.4372, 0.458, 0.6421]"
streetview_000495.jpg,6,pedestrian,pedestrian,0.4634,"[0.304, 0.3928, 0.3553, 0.7628]"
streetview_000495.jpg,6,pedestrian,pedestrian,0.4336,"[0.8225, 0.4447, 0.8571, 0.5545]"
streetview_000495.jpg,6,pedestrian,pedestrian,0.4309,"[0.2118, 0.4, 0.268, 0.7617]"
streetview_000495.jpg,7,rubbish bin,rubbish bin,0.255,"[0.7235, 0.6173, 0.8644, 0.8922]"
streetview_000495.jpg,7,rubbish bin,rubbish bin,0.4587,"[0.6949, 0.5803, 0.8656, 0.8929]"
streetview_000495.jpg,7,rubbish bin,rubbish bin,0.2809,"[0.6823, 0.5051, 0.7286, 0.6869]"
streetview_000495.jpg,7,rubbish bin,rubbish bin,0.3407,"[0.1851, 0.5328, 0.2088, 0.5921]"
streetview_000495.jpg,7,rubbish bin,rubbish bin,0.2973,"[0.6958, 0.5803, 0.789, 0.8242]"
streetview_000495.jpg,8,bollard,bollard,0.6354,"[0.6955, 0.5822, 0.8662, 0.8949]"
streetview_000495.jpg,10,water-filled barrier,water - filled barrier,0.3473,"[0.6946, 0.5795, 0.8665, 0.8906]"
streetview_000495.jpg,10,water-filled barrier,water - filled barrier,0.3312,"[0.6951, 0.5811, 0.866, 0.8566]"
streetview_000495.jpg,13,trolley,trolley,0.3822,"[0.6962, 0.5809, 0.8679, 0.8954]"
streetview_000495.jpg,13,trolley,trolley,0.315,"[0.7215, 0.6182, 0.8653, 0.8952]"
streetview_000495.jpg,14,step,step,0.3488,"[0.7008, 0.5921, 0.8654, 0.8934]"
streetview_000495.jpg,15,tactile paving,tactile paving,0.5535,"[0.0017, 0.5173, 0.9983, 0.9972]"
streetview_000495.jpg,16,zebra crossing,zebra crossing,0.3319,"[0.0023, 0.5118, 0.9976, 0.9966]"
streetview_000495.jpg,17,glass door,glass door,0.4177,"[0.8756, 0.286, 0.9429, 0.6055]"
streetview_000495.jpg,17,glass door,glass door,0.375,"[0.8718, 0.2627, 0.9761, 0.6279]"
streetview_000495.jpg,18,door,door,0.3445,"[0.8769, 0.2962, 0.9421, 0.5926]"
streetview_000495.jpg,18,door,door,0.2747,"[0.8078, 0.3164, 0.8509, 0.5351]"
streetview_000495.jpg,19,indoor escalator,indoor escalator,0.4645,"[0.6958, 0.5936, 0.8671, 0.8949]"
streetview_000495.jpg,20,sign,sign,0.4995,"[0.1626, 0.1164, 0.3337, 0.2631]"
streetview_000495.jpg,20,sign,sign,0.4007,"[0.3952, 0.2746, 0.4234, 0.3785]"
streetview_000495.jpg,20,sign,sign,0.4399,"[0.5937, 0.3486, 0.6495, 0.4911]"
streetview_000495.jpg,20,sign,sign,0.3818,"[0.6445, 0.2243, 0.6905, 0.303]"
streetview_000495.jpg,20,sign,sign,0.3393,"[0.0002, 0.1838, 0.0709, 0.3437]"
streetview_000495.jpg,21,indoor glass door,indoor glass door,0.4094,"[0.8755, 0.2874, 0.9433, 0.6067]"
streetview_000495.jpg,21,indoor glass door,indoor glass door,0.3981,"[0.8722, 0.2689, 0.975, 0.6289]"
streetview_000495.jpg,22,shop front,shop front,0.4138,"[0.6964, 0.2054, 0.9967, 0.6675]"
streetview_000495.jpg,22,shop front,shop front,0.4067,"[0.0021, 0.0032, 0.9971, 0.9949]"
streetview_000510.jpg,0,footbridge entrance,footbridge entrance,0.3665,"[0.6938, 0.5082, 0.7481, 0.7034]"
streetview_000510.jpg,0,footbridge entrance,footbridge entrance,0.2874,"[0.7192, 0.6331, 0.9173, 0.9498]"
streetview_000510.jpg,2,outdoor escalator,outdoor escalator,0.5733,"[0.7187, 0.6186, 0.9174, 0.953]"
streetview_000510.jpg,4,ramp,ramp,0.3121,"[0.718, 0.6092, 0.9162, 0.9473]"
streetview_000510.jpg,4,ramp,ramp,0.214,"[0.7357, 0.6161, 0.8279, 0.6533]"
streetview_000510.jpg,4,ramp,ramp,0.2056,"[0.0017, 0.5285, 0.9983, 0.9979]"
streetview_000510.jpg,4,ramp,ramp,0.2008,"[0.7232, 0.6438, 0.9152, 0.8988]"
streetview_000510.jpg,6,pedestrian,pedestrian,0.709,"[0.1424, 0.3205, 0.2626, 0.9201]"
streetview_000510.jpg,6,pedestrian,pedestrian,0.6369,"[0.0346, 0.3463, 0.1241, 0.8168]"
streetview_000510.jpg,6,pedestrian,pedestrian,0.5082,"[0.3974, 0.436, 0.4465, 0.66]"
streetview_000510.jpg,6,pedestrian,pedestrian,0.5186,"[0.2355, 0.4056, 0.3072, 0.7656]"
streetview_000510.jpg,6,pedestrian,pedestrian,0.4285,"[0.3605, 0.4307, 0.4032, 0.6567]"
streetview_000510.jpg,6,pedestrian,pedestrian,0.467,"[0.0003, 0.3314, 0.0479, 0.8068]"
streetview_000510.jpg,6,pedestrian,pedestrian,0.6218,"[0.4843, 0.4357, 0.5425, 0.7245]"
streetview_000510.jpg,6,pedestrian,pedestrian,0.5882,"[0.3063, 0.3961, 0.3744, 0.7703]"
streetview_000510.jpg,7,rubbish bin,rubbish bin,0.5059,"[0.6932, 0.5108, 0.7465, 0.7024]"
streetview_000510.jpg,7,rubbish bin,rubbish bin,0.5203,"[0.7178, 0.6112, 0.9162, 0.9515]"
streetview_000510.jpg,7,rubbish bin,rubbish bin,0.3084,"[0.7185, 0.6089, 0.8288, 0.8728]"
streetview_000510.jpg,8,bollard,bollard,0.6551,"[0.7177, 0.612, 0.9167, 0.9537]"
streetview_000510.jpg,10,water-filled barrier,water - filled barrier,0.3342,"[0.7177, 0.6014, 0.917, 0.9488]"
streetview_000510.jpg,10,water-filled barrier,water - filled barrier,0.3239,"[0.6943, 0.5106, 0.7451, 0.7034]"
streetview_000510.jpg,10,water-filled barrier,water - filled barrier,0.3901,"[0.7179, 0.6033, 0.9163, 0.9045]"
streetview_000510.jpg,10,water-filled barrier,water - filled barrier,0.2565,"[0.7202, 0.641, 0.9164, 0.9017]"
streetview_000510.jpg,13,trolley,trolley,0.6521,"[0.7179, 0.605, 0.9169, 0.9545]"
streetview_000510.jpg,14,step,step,0.395,"[0.7219, 0.6189, 0.9164, 0.9505]"
streetview_000510.jpg,15,tactile paving,tactile paving,0.5116,"[0.0018, 0.5079, 0.9982, 0.9969]"
streetview_000510.jpg,17,glass door,glass door,0.509,"[0.8966, 0.2881, 0.9685, 0.6267]"
streetview_000510.jpg,18,door,door,0.3282,"[0.8969, 0.2937, 0.9676, 0.6256]"
streetview_000510.jpg,18,door,door,0.2917,"[0.0971, 0.3614, 0.1308, 0.5731]"
streetview_000510.jpg,18,door,door,0.3134,"[0.2699, 0.3743, 0.3009, 0.5273]"
streetview_000510.jpg,19,indoor escalator,indoor escalator,0.5217,"[0.7182, 0.6137, 0.9171, 0.9529]"
streetview_000510.jpg,20,sign,sign,0.4863,"[0.1605, 0.1095, 0.3348, 0.2597]"
streetview_000510.jpg,20,sign,sign,0.3937,"[0.4003, 0.2739, 0.4281, 0.3789]"
streetview_000510.jpg,20,sign,sign,0.4733,"[0.6036, 0.345, 0.6618, 0.4969]"
streetview_000510.jpg,20,sign,sign,0.3533,"[0.0002, 0.1821, 0.0642, 0.342]"
streetview_000510.jpg,20,sign,sign,0.3093,"[0.6548, 0.2222, 0.7018, 0.3012]"
streetview_000510.jpg,21,indoor glass door,indoor glass door,0.5582,"[0.8959, 0.2875, 0.9691, 0.6293]"
streetview_000510.jpg,22,shop front,shop front,0.4149,"[0.002, 0.0035, 0.9976, 0.9945]"
streetview_000525.jpg,0,footbridge entrance,footbridge entrance,0.4326,"[0.7187, 0.5086, 0.7788, 0.7162]"
streetview_000525.jpg,2,outdoor escalator,outdoor escalator,0.3623,"[0.7535, 0.656, 0.9987, 0.996]"
streetview_000525.jpg,3,elevator,elevator,0.3356,"[0.7181, 0.5104, 0.7787, 0.7158]"
streetview_000525.jpg,4,ramp,ramp,0.3421,"[0.7522, 0.6274, 0.9987, 0.9926]"
streetview_000525.jpg,4,ramp,ramp,0.2339,"[0.7812, 0.6317, 0.8976, 0.6769]"
streetview_000525.jpg,4,ramp,ramp,0.2033,"[0.8108, 0.6692, 0.9973, 0.9516]"
streetview_000525.jpg,4,ramp,ramp,0.2195,"[0.7615, 0.6657, 0.9968, 0.9512]"
streetview_000525.jpg,5,railing,railing,0.4115,"[0.7201, 0.511, 0.779, 0.7148]"
streetview_000525.jpg,6,pedestrian,pedestrian,0.6701,"[0.0254, 0.281, 0.174, 0.9919]"
streetview_000525.jpg,6,pedestrian,pedestrian,0.6445,"[0.4915, 0.4291, 0.5555, 0.7488]"
streetview_000525.jpg,6,pedestrian,pedestrian,0.5709,"[0.252, 0.4032, 0.3367, 0.7675]"
streetview_000525.jpg,6,pedestrian,pedestrian,0.5893,"[0.3307, 0.3946, 0.4162, 0.7756]"
streetview_000525.jpg,6,pedestrian,pedestrian,0.4295,"[0.4001, 0.4289, 0.4464, 0.6773]"
streetview_000525.jpg,7,rubbish bin,rubbish bin,0.4796,"[0.7517, 0.6259, 0.9984, 0.9952]"
streetview_000525.jpg,7,rubbish bin,rubbish bin,0.3255,"[0.718, 0.5112, 0.779, 0.7151]"
streetview_000525.jpg,7,rubbish bin,rubbish bin,0.2894,"[0.7581, 0.6266, 0.899, 0.9099]"
streetview_000525.jpg,7,rubbish bin,rubbish bin,0.252,"[0.8102, 0.6695, 0.9976, 0.9587]"
streetview_000525.jpg,8,bollard,bollard,0.5034,"[0.751, 0.63, 0.9988, 0.997]"
streetview_000525.jpg,10,water-filled barrier,water - filled barrier,0.408,"[0.7208, 0.5107, 0.7789, 0.7155]"
streetview_000525.jpg,10,water-filled barrier,water - filled barrier,0.3263,"[0.7509, 0.6178, 0.9985, 0.9933]"
streetview_000525.jpg,10,water-filled barrier,water - filled barrier,0.3315,"[0.7548, 0.6253, 0.9981, 0.9588]"
streetview_000525.jpg,13,trolley,trolley,0.4018,"[0.7532, 0.6658, 0.9992, 0.9979]"
streetview_000525.jpg,13,trolley,trolley,0.3988,"[0.626, 0.5987, 0.6782, 0.711]"
streetview_000525.jpg,13,trolley,trolley,0.428,"[0.2121, 0.5354, 0.247, 0.6002]"
streetview_000525.jpg,13,trolley,trolley,0.3071,"[0.7501, 0.618, 0.9991, 0.9985]"
streetview_000525.jpg,14,step,step,0.3131,"[0.7584, 0.6624, 0.9985, 0.9947]"
streetview_000525.jpg,14,step,step,0.3052,"[0.0089, 0.9325, 0.0755, 0.999]"
streetview_000525.jpg,14,step,step,0.3051,"[0.6313, 0.6047, 0.6782, 0.706]"
streetview_000525.jpg,15,tactile paving,tactile paving,0.4659,"[0.002, 0.5054, 0.9952, 0.9968]"
streetview_000525.jpg,17,glass door,glass door,0.3128,"[0.8344, 0.3044, 0.8915, 0.5716]"
streetview_000525.jpg,18,door,door,0.2715,"[0.8354, 0.3139, 0.8912, 0.5686]"
streetview_000525.jpg,18,door,door,0.2623,"[0.9265, 0.3025, 0.9637, 0.5443]"
streetview_000525.jpg,18,door,door,0.3054,"[0.2783, 0.3719, 0.3099, 0.4709]"
streetview_000525.jpg,20,sign,sign,0.5223,"[0.1662, 0.1033, 0.3432, 0.2544]"
streetview_000525.jpg,20,sign,sign,0.4635,"[0.623, 0.3384, 0.6845, 0.471]"
streetview_000525.jpg,20,sign,sign,0.3732,"[0.4112, 0.2704, 0.4383, 0.3784]"
streetview_000525.jpg,20,sign,sign,0.3687,"[0.6728, 0.2024, 0.7224, 0.2949]"
streetview_000525.jpg,20,sign,sign,0.3314,"[0.0002, 0.1745, 0.065, 0.338]"
streetview_000525.jpg,20,sign,sign,0.3013,"[0.3098, 0.3101, 0.3677, 0.4061]"
streetview_000525.jpg,20,sign,sign,0.2693,"[0.2519, 0.2866, 0.2844, 0.3314]"
streetview_000525.jpg,21,indoor glass door,indoor glass door,0.3462,"[0.8339, 0.3032, 0.892, 0.5728]"
streetview_000525.jpg,22,shop front,shop front,0.4134,"[0.0022, 0.0042, 0.9973, 0.9944]"
streetview_000540.jpg,0,footbridge entrance,footbridge entrance,0.4129,"[0.7339, 0.506, 0.8006, 0.7287]"
streetview_000540.jpg,0,footbridge entrance,footbridge entrance,0.3222,"[0.0679, 0.3267, 0.1849, 0.5866]"
streetview_000540.jpg,0,footbridge entrance,footbridge entrance,0.2771,"[0.0378, 0.398, 0.0909, 0.607]"
streetview_000540.jpg,3,elevator,elevator,0.5191,"[0.0385, 0.3981, 0.0906, 0.6068]"
streetview_000540.jpg,3,elevator,elevator,0.3158,"[0.7337, 0.5076, 0.7995, 0.7282]"
streetview_000540.jpg,4,ramp,ramp,0.253,"[0.7943, 0.6328, 0.9992, 0.9975]"
streetview_000540.jpg,4,ramp,ramp,0.2394,"[0.003, 0.5251, 0.9709, 0.9982]"
streetview_000540.jpg,5,railing,railing,0.4392,"[0.7343, 0.51, 0.7998, 0.7275]"
streetview_000540.jpg,6,pedestrian,pedestrian,0.7223,"[0.4787, 0.4106, 0.5594, 0.7836]"
streetview_000540.jpg,6,pedestrian,pedestrian,0.6318,"[0.368, 0.3872, 0.4345, 0.7713]"
streetview_000540.jpg,6,pedestrian,pedestrian,0.5396,"[0.2835, 0.3977, 0.3637, 0.7656]"
streetview_000540.jpg,6,pedestrian,pedestrian,0.4324,"[0.6395, 0.5081, 0.693, 0.7272]"
streetview_000540.jpg,6,pedestrian,pedestrian,0.4064,"[0.5739, 0.4677, 0.6166, 0.633]"
streetview_000540.jpg,7,rubbish bin,rubbish bin,0.5012,"[0.7336, 0.5073, 0.797, 0.7272]"
streetview_000540.jpg,7,rubbish bin,rubbish bin,0.3625,"[0.7948, 0.631, 0.9616, 0.9775]"
streetview_000540.jpg,7,rubbish bin,rubbish bin,0.3794,"[0.0385, 0.3984, 0.0905, 0.6069]"
streetview_000540.jpg,7,rubbish bin,rubbish bin,0.3491,"[0.793, 0.6305, 0.9991, 0.9974]"
streetview_000540.jpg,7,rubbish bin,rubbish bin,0.2587,"[0.8004, 0.6901, 0.9992, 0.9983]"
streetview_000540.jpg,10,water-filled barrier,water - filled barrier,0.4958,"[0.7356, 0.5076, 0.7988, 0.7276]"
streetview_000540.jpg,10,water-filled barrier,water - filled barrier,0.3947,"[0.7925, 0.6312, 0.9989, 0.9969]"
streetview_000540.jpg,14,step,step,0.3125,"[0.6441, 0.6066, 0.6915, 0.7187]"
streetview_000540.jpg,15,tactile paving,tactile paving,0.4037,"[0.0006, 0.5201, 0.8752, 0.997]"
streetview_000540.jpg,17,glass door,glass door,0.4574,"[0.8497, 0.2935, 0.9175, 0.5819]"
streetview_000540.jpg,18,door,door,0.327,"[0.8506, 0.2954, 0.9165, 0.5789]"
streetview_000540.jpg,18,door,door,0.3562,"[0.2804, 0.3722, 0.312, 0.5044]"
streetview_000540.jpg,18,door,door,0.2774,"[0.1271, 0.3551, 0.1797, 0.5809]"
streetview_000540.jpg,18,door,door,0.3061,"[0.0778, 0.3462, 0.1296, 0.5746]"
streetview_000540.jpg,20,sign,sign,0.4911,"[0.6342, 0.3246, 0.6987, 0.4678]"
streetview_000540.jpg,20,sign,sign,0.5075,"[0.1616, 0.0922, 0.3428, 0.2467]"
streetview_000540.jpg,20,sign,sign,0.3843,"[0.4145, 0.2667, 0.4431, 0.3757]"
streetview_000540.jpg,20,sign,sign,0.3947,"[0.6832, 0.1655, 0.7348, 0.2863]"
streetview_000540.jpg,20,sign,sign,0.3443,"[0.0002, 0.1692, 0.0559, 0.3314]"
streetview_000540.jpg,20,sign,sign,0.2841,"[0.2523, 0.2818, 0.2853, 0.3265]"
streetview_000540.jpg,20,sign,sign,0.255,"[0.1456, 0.444, 0.1759, 0.4855]"
streetview_000540.jpg,21,indoor glass door,indoor glass door,0.507,"[0.849, 0.292, 0.9181, 0.5838]"
streetview_000540.jpg,22,shop front,shop front,0.4102,"[0.0023, 0.0035, 0.997, 0.9946]"
streetview_000555.jpg,0,footbridge entrance,footbridge entrance,0.5048,"[0.7564, 0.5032, 0.826, 0.7451]"
streetview_000555.jpg,0,footbridge entrance,footbridge entrance,0.2916,"[0.0613, 0.323, 0.181, 0.5895]"
streetview_000555.jpg,1,stairs,stairs,0.3254,"[0.847, 0.6579, 0.999, 0.9978]"
streetview_000555.jpg,2,outdoor escalator,outdoor escalator,0.3898,"[0.7553, 0.4972, 0.8273, 0.7462]"
streetview_000555.jpg,3,elevator,elevator,0.4785,"[0.0247, 0.3943, 0.081, 0.6098]"
streetview_000555.jpg,3,elevator,elevator,0.3634,"[0.756, 0.5029, 0.8265, 0.7448]"
streetview_000555.jpg,4,ramp,ramp,0.3532,"[0.8474, 0.6453, 0.9993, 0.9977]"
streetview_000555.jpg,4,ramp,ramp,0.2318,"[0.8835, 0.6439, 0.9992, 0.756]"
streetview_000555.jpg,5,railing,railing,0.4616,"[0.7605, 0.5083, 0.8254, 0.7428]"
streetview_000555.jpg,6,pedestrian,pedestrian,0.7101,"[0.4587, 0.4072, 0.5683, 0.8411]"
streetview_000555.jpg,6,pedestrian,pedestrian,0.6004,"[0.3968, 0.386, 0.4646, 0.7779]"
streetview_000555.jpg,6,pedestrian,pedestrian,0.5457,"[0.2536, 0.3952, 0.3266, 0.7017]"
streetview_000555.jpg,6,pedestrian,pedestrian,0.5094,"[0.182, 0.4475, 0.2307, 0.6397]"
streetview_000555.jpg,6,pedestrian,pedestrian,0.524,"[0.3099, 0.396, 0.3844, 0.7667]"
streetview_000555.jpg,6,pedestrian,pedestrian,0.4534,"[0.6529, 0.5083, 0.7105, 0.7425]"
streetview_000555.jpg,6,pedestrian,pedestrian,0.423,"[0.6068, 0.4577, 0.6396, 0.6329]"
streetview_000555.jpg,7,rubbish bin,rubbish bin,0.4715,"[0.847, 0.6429, 0.9993, 0.998]"
streetview_000555.jpg,7,rubbish bin,rubbish bin,0.325,"[0.755, 0.5034, 0.8252, 0.7441]"
streetview_000555.jpg,7,rubbish bin,rubbish bin,0.2889,"[0.0255, 0.4978, 0.0774, 0.6076]"
streetview_000555.jpg,7,rubbish bin,rubbish bin,0.3102,"[0.0225, 0.3946, 0.0809, 0.6099]"
streetview_000555.jpg,10,water-filled barrier,water - filled barrier,0.5224,"[0.759, 0.5077, 0.8253, 0.7444]"
streetview_000555.jpg,10,water-filled barrier,water - filled barrier,0.4551,"[0.8467, 0.6423, 0.9989, 0.9973]"
streetview_000555.jpg,13,trolley,trolley,0.3458,"[0.2457, 0.5399, 0.2798, 0.6023]"
streetview_000555.jpg,14,step,step,0.3252,"[0.8475, 0.6509, 0.9993, 0.9972]"
streetview_000555.jpg,15,tactile paving,tactile paving,0.5261,"[0.0017, 0.5247, 0.9866, 0.9971]"
streetview_000555.jpg,17,glass door,glass door,0.4453,"[0.7617, 0.5095, 0.8238, 0.743]"
streetview_000555.jpg,17,glass door,glass door,0.3714,"[0.8673, 0.2866, 0.9406, 0.5916]"
streetview_000555.jpg,17,glass door,glass door,0.3018,"[0.0278, 0.5028, 0.0758, 0.6053]"
streetview_000555.jpg,18,door,door,0.2896,"[0.8681, 0.2897, 0.9397, 0.5903]"
streetview_000555.jpg,18,door,door,0.2962,"[0.1218, 0.3517, 0.1756, 0.5829]"
streetview_000555.jpg,18,door,door,0.2598,"[0.0697, 0.346, 0.1241, 0.5762]"
streetview_000555.jpg,20,sign,sign,0.4765,"[0.1578, 0.0791, 0.3432, 0.2399]"
streetview_000555.jpg,20,sign,sign,0.5121,"[0.6474, 0.311, 0.7178, 0.4935]"
streetview_000555.jpg,20,sign,sign,0.3871,"[0.6957, 0.1262, 0.7497, 0.2777]"
streetview_000555.jpg,20,sign,sign,0.3963,"[0.4185, 0.2622, 0.4477, 0.3742]"
streetview_000555.jpg,20,sign,sign,0.2819,"[0.2523, 0.2768, 0.2853, 0.3227]"
streetview_000555.jpg,20,sign,sign,0.2596,"[0.3145, 0.3085, 0.3761, 0.4062]"
streetview_000555.jpg,20,sign,sign,0.2951,"[0.0001, 0.1639, 0.0451, 0.3257]"
streetview_000555.jpg,21,indoor glass door,indoor glass door,0.3808,"[0.7618, 0.5086, 0.8242, 0.7436]"
streetview_000555.jpg,21,indoor glass door,indoor glass door,0.4061,"[0.8667, 0.287, 0.941, 0.5925]"
streetview_000555.jpg,22,shop front,shop front,0.4192,"[0.0023, 0.0038, 0.9971, 0.9946]"
streetview_000570.jpg,0,footbridge entrance,footbridge entrance,0.5101,"[0.7684, 0.499, 0.8428, 0.7616]"
streetview_000570.jpg,0,footbridge entrance,footbridge entrance,0.2803,"[0.0451, 0.3139, 0.1729, 0.5905]"
streetview_000570.jpg,1,stairs,stairs,0.4352,"[0.6636, 0.6141, 0.717, 0.7504]"
streetview_000570.jpg,2,outdoor escalator,outdoor escalator,0.3903,"[0.7671, 0.4968, 0.8435, 0.7628]"
streetview_000570.jpg,3,elevator,elevator,0.4769,"[0.0064, 0.3893, 0.0656, 0.6131]"
streetview_000570.jpg,3,elevator,elevator,0.3496,"[0.7697, 0.4996, 0.8419, 0.7612]"
streetview_000570.jpg,4,ramp,ramp,0.2482,"[0.8889, 0.6686, 0.9992, 0.998]"
streetview_000570.jpg,4,ramp,ramp,0.2219,"[0.1483, 0.0651, 0.3412, 0.2322]"
streetview_000570.jpg,4,ramp,ramp,0.2799,"[0.0014, 0.5234, 0.9989, 0.998]"
streetview_000570.jpg,5,railing,railing,0.4692,"[0.7727, 0.5051, 0.8419, 0.7605]"
streetview_000570.jpg,6,pedestrian,pedestrian,0.6142,"[0.2022, 0.3803, 0.287, 0.7291]"
streetview_000570.jpg,6,pedestrian,pedestrian,0.6659,"[0.4011, 0.3678, 0.5336, 0.9714]"
streetview_000570.jpg,6,pedestrian,pedestrian,0.5387,"[0.2861, 0.3958, 0.3527, 0.7432]"
streetview_000570.jpg,6,pedestrian,pedestrian,0.5586,"[0.1267, 0.4411, 0.1738, 0.6405]"
streetview_000570.jpg,6,pedestrian,pedestrian,0.5149,"[0.6584, 0.5062, 0.7208, 0.758]"
streetview_000570.jpg,6,pedestrian,pedestrian,0.4518,"[0.5939, 0.4562, 0.6283, 0.6325]"
streetview_000570.jpg,6,pedestrian,pedestrian,0.4691,"[0.8097, 0.4294, 0.8652, 0.6884]"
streetview_000570.jpg,6,pedestrian,pedestrian,0.49,"[0.3502, 0.3969, 0.4039, 0.7683]"
streetview_000570.jpg,7,rubbish bin,rubbish bin,0.3832,"[0.8889, 0.6682, 0.9995, 0.9982]"
streetview_000570.jpg,7,rubbish bin,rubbish bin,0.3144,"[0.7667, 0.4959, 0.8414, 0.7608]"
streetview_000570.jpg,7,rubbish bin,rubbish bin,0.3004,"[0.0072, 0.4939, 0.0624, 0.6122]"
streetview_000570.jpg,7,rubbish bin,rubbish bin,0.3184,"[0.0056, 0.3898, 0.0658, 0.6136]"
streetview_000570.jpg,7,rubbish bin,rubbish bin,0.2638,"[0.205, 0.5712, 0.2165, 0.623]"
streetview_000570.jpg,10,water-filled barrier,water - filled barrier,0.5402,"[0.77, 0.5027, 0.841, 0.7613]"
streetview_000570.jpg,10,water-filled barrier,water - filled barrier,0.4181,"[0.8878, 0.6682, 0.9992, 0.9974]"
streetview_000570.jpg,13,trolley,trolley,0.3187,"[0.6633, 0.6061, 0.7171, 0.7507]"
streetview_000570.jpg,14,step,step,0.3693,"[0.6637, 0.6125, 0.7172, 0.7495]"
streetview_000570.jpg,15,tactile paving,tactile paving,0.5446,"[0.0018, 0.5165, 0.998, 0.9972]"
streetview_000570.jpg,16,zebra crossing,zebra crossing,0.3136,"[0.0024, 0.5193, 0.9955, 0.996]"
streetview_000570.jpg,17,glass door,glass door,0.4447,"[0.7744, 0.5065, 0.8391, 0.7596]"
streetview_000570.jpg,17,glass door,glass door,0.4258,"[0.8787, 0.2804, 0.9559, 0.5927]"
streetview_000570.jpg,17,glass door,glass door,0.324,"[0.9555, 0.2033, 0.9987, 0.6323]"
streetview_000570.jpg,18,door,door,0.3195,"[0.8797, 0.2849, 0.955, 0.5916]"
streetview_000570.jpg,18,door,door,0.2909,"[0.2782, 0.3704, 0.3119, 0.5386]"
streetview_000570.jpg,18,door,door,0.3101,"[0.9556, 0.2023, 0.9994, 0.632]"
streetview_000570.jpg,20,sign,sign,0.531,"[0.1485, 0.0656, 0.3412, 0.2335]"
streetview_000570.jpg,20,sign,sign,0.5234,"[0.6503, 0.2962, 0.7266, 0.4909]"
streetview_000570.jpg,20,sign,sign,0.419,"[0.702, 0.116, 0.7577, 0.2673]"
streetview_000570.jpg,20,sign,sign,0.3914,"[0.4188, 0.2578, 0.4483, 0.3698]"
streetview_000570.jpg,20,sign,sign,0.284,"[0.2475, 0.2709, 0.2814, 0.3181]"
streetview_000570.jpg,20,sign,sign,0.3047,"[0.5345, 0.4312, 0.551, 0.4616]"
streetview_000570.jpg,20,sign,sign,0.2821,"[0.0001, 0.1612, 0.0282, 0.3175]"
streetview_000570.jpg,21,indoor glass door,indoor glass door,0.4584,"[0.878, 0.2801, 0.9566, 0.5939]"
streetview_000570.jpg,21,indoor glass door,indoor glass door,0.3745,"[0.7739, 0.507, 0.8397, 0.7601]"
streetview_000570.jpg,21,indoor glass door,indoor glass door,0.3076,"[0.9546, 0.2027, 0.9983, 0.6338]"
streetview_000570.jpg,22,shop front,shop front,0.4389,"[0.0022, 0.0034, 0.9971, 0.9942]"
streetview_000585.jpg,0,footbridge entrance,footbridge entrance,0.525,"[0.7844, 0.4988, 0.8609, 0.7807]"
streetview_000585.jpg,0,footbridge entrance,footbridge entrance,0.2591,"[0.0252, 0.3059, 0.1645, 0.5966]"
streetview_000585.jpg,1,stairs,stairs,0.3595,"[0.6682, 0.6306, 0.7254, 0.7648]"
streetview_000585.jpg,3,elevator,elevator,0.4636,"[0.0001, 0.3834, 0.048, 0.6164]"
streetview_000585.jpg,3,elevator,elevator,0.3989,"[0.7873, 0.5024, 0.8593, 0.7796]"
streetview_000585.jpg,4,ramp,ramp,0.2831,"[0.0012, 0.5186, 0.9994, 0.9985]"
streetview_000585.jpg,5,railing,railing,0.4701,"[0.7882, 0.5049, 0.8601, 0.7793]"
streetview_000585.jpg,6,pedestrian,pedestrian,0.6466,"[0.223, 0.292, 0.4466, 0.9971]"
streetview_000585.jpg,6,pedestrian,pedestrian,0.6099,"[0.135, 0.3651, 0.2233, 0.7692]"
streetview_000585.jpg,6,pedestrian,pedestrian,0.5752,"[0.8389, 0.4211, 0.8954, 0.7113]"
streetview_000585.jpg,6,pedestrian,pedestrian,0.4952,"[0.4217, 0.3887, 0.5021, 0.7812]"
streetview_000585.jpg,6,pedestrian,pedestrian,0.5387,"[0.6629, 0.5071, 0.7277, 0.7757]"
streetview_000585.jpg,6,pedestrian,pedestrian,0.4921,"[0.0725, 0.4321, 0.1129, 0.6405]"
streetview_000585.jpg,7,rubbish bin,rubbish bin,0.5494,"[0.7848, 0.5019, 0.8579, 0.7792]"
streetview_000585.jpg,7,rubbish bin,rubbish bin,0.3825,"[0.0001, 0.3837, 0.0477, 0.6166]"
streetview_000585.jpg,7,rubbish bin,rubbish bin,0.3133,"[0.0001, 0.5014, 0.0417, 0.6133]"
streetview_000585.jpg,10,water-filled barrier,water - filled barrier,0.6816,"[0.7869, 0.5038, 0.8587, 0.7798]"
streetview_000585.jpg,14,step,step,0.3801,"[0.6686, 0.6318, 0.7255, 0.7649]"
streetview_000585.jpg,15,tactile paving,tactile paving,0.4749,"[0.0018, 0.5144, 0.9982, 0.9972]"
streetview_000585.jpg,17,glass door,glass door,0.4593,"[0.8914, 0.2707, 0.9743, 0.5976]"
streetview_000585.jpg,17,glass door,glass door,0.4313,"[0.7894, 0.5083, 0.8589, 0.7787]"
streetview_000585.jpg,18,door,door,0.3506,"[0.892, 0.2732, 0.9733, 0.5944]"
streetview_000585.jpg,18,door,door,0.3024,"[0.039, 0.353, 0.0716, 0.5777]"
streetview_000585.jpg,18,door,door,0.2519,"[0.0986, 0.339, 0.1568, 0.5868]"
streetview_000585.jpg,20,sign,sign,0.508,"[0.1378, 0.0504, 0.3351, 0.2238]"
streetview_000585.jpg,20,sign,sign,0.541,"[0.6544, 0.2789, 0.7382, 0.4897]"
streetview_000585.jpg,20,sign,sign,0.4132,"[0.7085, 0.089, 0.7665, 0.257]"
streetview_000585.jpg,20,sign,sign,0.3978,"[0.4185, 0.2516, 0.4488, 0.3662]"
streetview_000585.jpg,20,sign,sign,0.2824,"[0.2422, 0.2636, 0.2766, 0.3125]"
streetview_000585.jpg,20,sign,sign,0.298,"[0.5371, 0.4291, 0.5544, 0.4599]"
streetview_000585.jpg,21,indoor glass door,indoor glass door,0.5149,"[0.8906, 0.2698, 0.9753, 0.5999]"
streetview_000585.jpg,21,indoor glass door,indoor glass door,0.3631,"[0.7891, 0.5064, 0.8588, 0.7788]"
streetview_000585.jpg,22,shop front,shop front,0.4669,"[0.0022, 0.0033, 0.9972, 0.9949]"
streetview_000600.jpg,0,footbridge entrance,footbridge entrance,0.439,"[0.8063, 0.4938, 0.8937, 0.8096]"
streetview_000600.jpg,0,footbridge entrance,footbridge entrance,0.3248,"[0.8032, 0.4916, 0.9315, 0.8101]"
streetview_000600.jpg,1,stairs,stairs,0.4353,"[0.0013, 0.656, 0.119, 0.9956]"
streetview_000600.jpg,1,stairs,stairs,0.3461,"[0.6794, 0.6434, 0.7407, 0.7941]"
streetview_000600.jpg,2,outdoor escalator,outdoor escalator,0.4094,"[0.8034, 0.4932, 0.895, 0.8112]"
streetview_000600.jpg,3,elevator,elevator,0.4292,"[0.8085, 0.4977, 0.8925, 0.8093]"
streetview_000600.jpg,3,elevator,elevator,0.3051,"[0.309, 0.4138, 0.3506, 0.517]"
streetview_000600.jpg,4,ramp,ramp,0.246,"[0.1276, 0.0365, 0.3313, 0.2143]"
streetview_000600.jpg,4,ramp,ramp,0.2865,"[0.0313, 0.5049, 0.9974, 0.9984]"
streetview_000600.jpg,4,ramp,ramp,0.202,"[0.7689, 0.1545, 0.999, 0.3691]"
streetview_000600.jpg,5,railing,railing,0.4621,"[0.8088, 0.4956, 0.9336, 0.8077]"
streetview_000600.jpg,5,railing,railing,0.3606,"[0.7689, 0.1544, 0.9993, 0.3699]"
streetview_000600.jpg,6,pedestrian,pedestrian,0.6647,"[0.131, 0.3595, 0.2559, 0.8372]"
streetview_000600.jpg,6,pedestrian,pedestrian,0.6291,"[0.4489, 0.3974, 0.525, 0.7988]"
streetview_000600.jpg,6,pedestrian,pedestrian,0.6401,"[0.8834, 0.4126, 0.9473, 0.7467]"
streetview_000600.jpg,6,pedestrian,pedestrian,0.5072,"[0.0514, 0.3509, 0.1484, 0.7976]"
streetview_000600.jpg,6,pedestrian,pedestrian,0.4787,"[0.3595, 0.4002, 0.4157, 0.7348]"
streetview_000600.jpg,6,pedestrian,pedestrian,0.5268,"[0.6721, 0.5092, 0.7437, 0.8029]"
streetview_000600.jpg,6,pedestrian,pedestrian,0.469,"[0.2475, 0.4293, 0.3017, 0.6615]"
streetview_000600.jpg,6,pedestrian,pedestrian,0.4763,"[0.3814, 0.3995, 0.4546, 0.7966]"
streetview_000600.jpg,6,pedestrian,pedestrian,0.4022,"[0.5716, 0.4511, 0.6039, 0.63]"
streetview_000600.jpg,7,rubbish bin,rubbish bin,0.4136,"[0.8062, 0.5003, 0.8957, 0.8085]"
streetview_000600.jpg,7,rubbish bin,rubbish bin,0.2823,"[0.8058, 0.497, 0.9313, 0.8079]"
streetview_000600.jpg,10,water-filled barrier,water - filled barrier,0.4345,"[0.8072, 0.4957, 0.8936, 0.8098]"
streetview_000600.jpg,10,water-filled barrier,water - filled barrier,0.342,"[0.8064, 0.4931, 0.932, 0.8098]"
streetview_000600.jpg,14,step,step,0.3969,"[0.6794, 0.6456, 0.7405, 0.7926]"
streetview_000600.jpg,15,tactile paving,tactile paving,0.5502,"[0.0458, 0.5029, 0.9985, 0.9968]"
streetview_000600.jpg,17,glass door,glass door,0.4394,"[0.8097, 0.5089, 0.8891, 0.8079]"
streetview_000600.jpg,17,glass door,glass door,0.3165,"[0.3095, 0.4141, 0.3504, 0.5169]"
streetview_000600.jpg,17,glass door,glass door,0.3359,"[0.9073, 0.2623, 0.9957, 0.6132]"
streetview_000600.jpg,18,door,door,0.2601,"[0.3095, 0.4149, 0.3505, 0.5166]"
streetview_000600.jpg,18,door,door,0.2666,"[0.9081, 0.2645, 0.995, 0.621]"
streetview_000600.jpg,18,door,door,0.2724,"[0.2389, 0.3464, 0.2654, 0.5621]"
streetview_000600.jpg,18,door,door,0.2945,"[0.3286, 0.4156, 0.3503, 0.5169]"
streetview_000600.jpg,19,indoor escalator,indoor escalator,0.3537,"[0.0109, 0.4924, 0.9971, 0.9976]"
streetview_000600.jpg,20,sign,sign,0.5226,"[0.6649, 0.2632, 0.753, 0.4911]"
streetview_000600.jpg,20,sign,sign,0.4993,"[0.1275, 0.038, 0.3309, 0.2147]"
streetview_000600.jpg,20,sign,sign,0.3851,"[0.4195, 0.2469, 0.4499, 0.3641]"
streetview_000600.jpg,20,sign,sign,0.4131,"[0.7173, 0.0412, 0.7778, 0.2478]"
streetview_000600.jpg,20,sign,sign,0.2797,"[0.2372, 0.2587, 0.2729, 0.3083]"
streetview_000600.jpg,20,sign,sign,0.3147,"[0.3096, 0.2983, 0.3805, 0.4008]"
streetview_000600.jpg,20,sign,sign,0.2531,"[0.5404, 0.4291, 0.5572, 0.4606]"
streetview_000600.jpg,21,indoor glass door,indoor glass door,0.3998,"[0.8093, 0.5064, 0.8886, 0.8083]"
streetview_000600.jpg,21,indoor glass door,indoor glass door,0.3193,"[0.3092, 0.4133, 0.3507, 0.5175]"
streetview_000600.jpg,21,indoor glass door,indoor glass door,0.3379,"[0.9066, 0.2615, 0.9961, 0.6166]"
streetview_000600.jpg,22,shop front,shop front,0.4545,"[0.0025, 0.0038, 0.9971, 0.9949]"
streetview_000615.jpg,0,footbridge entrance,footbridge entrance,0.4934,"[0.8222, 0.5085, 0.9129, 0.8442]"
streetview_000615.jpg,1,stairs,stairs,0.3451,"[0.683, 0.6547, 0.7497, 0.8243]"
streetview_000615.jpg,2,outdoor escalator,outdoor escalator,0.4255,"[0.8175, 0.5031, 0.9157, 0.8458]"
streetview_000615.jpg,3,elevator,elevator,0.3979,"[0.8234, 0.5111, 0.9128, 0.8442]"
streetview_000615.jpg,4,ramp,ramp,0.3082,"[0.0005, 0.5263, 0.9998, 0.9985]"
streetview_000615.jpg,4,ramp,ramp,0.2001,"[0.6679, 0.245, 0.764, 0.4947]"
streetview_000615.jpg,4,ramp,ramp,0.2069,"[0.1098, 0.0218, 0.3199, 0.2064]"
streetview_000615.jpg,5,railing,railing,0.5033,"[0.8253, 0.5102, 0.9124, 0.8425]"
streetview_000615.jpg,6,pedestrian,pedestrian,0.6419,"[0.2701, 0.3841, 0.3635, 0.7781]"
streetview_000615.jpg,6,pedestrian,pedestrian,0.6492,"[0.0001, 0.3289, 0.147, 0.9386]"
streetview_000615.jpg,6,pedestrian,pedestrian,0.6246,"[0.4679, 0.3998, 0.5517, 0.8155]"
streetview_000615.jpg,6,pedestrian,pedestrian,0.5015,"[0.2014, 0.424, 0.2598, 0.6817]"
streetview_000615.jpg,6,pedestrian,pedestrian,0.576,"[0.6749, 0.5084, 0.7523, 0.8373]"
streetview_000615.jpg,6,pedestrian,pedestrian,0.4055,"[0.3525, 0.4247, 0.3969, 0.6584]"
streetview_000615.jpg,6,pedestrian,pedestrian,0.6248,"[0.9283, 0.4073, 0.9995, 0.7922]"
streetview_000615.jpg,6,pedestrian,pedestrian,0.578,"[0.3899, 0.4056, 0.4632, 0.8057]"
streetview_000615.jpg,7,rubbish bin,rubbish bin,0.3558,"[0.5845, 0.5229, 0.5998, 0.5574]"
streetview_000615.jpg,10,water-filled barrier,water - filled barrier,0.5929,"[0.8232, 0.5117, 0.9122, 0.844]"
streetview_000615.jpg,14,step,step,0.4359,"[0.6827, 0.656, 0.7495, 0.8243]"
streetview_000615.jpg,15,tactile paving,tactile paving,0.5444,"[0.0014, 0.5288, 0.9986, 0.9972]"
streetview_000615.jpg,17,glass door,glass door,0.3782,"[0.8262, 0.5137, 0.9092, 0.8429]"
streetview_000615.jpg,17,glass door,glass door,0.3838,"[0.9136, 0.2553, 0.9991, 0.5863]"
streetview_000615.jpg,18,door,door,0.3133,"[0.2637, 0.3605, 0.3017, 0.5068]"
streetview_000615.jpg,18,door,door,0.3299,"[0.9144, 0.2552, 0.9995, 0.5868]"
streetview_000615.jpg,20,sign,sign,0.5777,"[0.6674, 0.2455, 0.7644, 0.4952]"
streetview_000615.jpg,20,sign,sign,0.5203,"[0.11, 0.0229, 0.3197, 0.2079]"
streetview_000615.jpg,20,sign,sign,0.4587,"[0.7212, 0.0241, 0.7844, 0.2378]"
streetview_000615.jpg,20,sign,sign,0.426,"[0.4153, 0.242, 0.4464, 0.3631]"
streetview_000615.jpg,20,sign,sign,0.3409,"[0.5395, 0.428, 0.5558, 0.4593]"
streetview_000615.jpg,20,sign,sign,0.3162,"[0.3023, 0.2969, 0.3774, 0.3998]"
streetview_000615.jpg,20,sign,sign,0.2898,"[0.2265, 0.2528, 0.2627, 0.3042]"
streetview_000615.jpg,21,indoor glass door,indoor glass door,0.3831,"[0.9131, 0.2565, 0.9989, 0.5875]"
streetview_000615.jpg,21,indoor glass door,indoor glass door,0.3451,"[0.8254, 0.5128, 0.91, 0.8436]"
streetview_000615.jpg,22,shop front,shop front,0.4474,"[0.0021, 0.0038, 0.9976, 0.9949]"
streetview_000630.jpg,0,footbridge entrance,footbridge entrance,0.4584,"[0.8544, 0.5024, 0.9671, 0.8851]"
streetview_000630.jpg,1,stairs,stairs,0.4595,"[0.7063, 0.6766, 0.7794, 0.8574]"
streetview_000630.jpg,2,outdoor escalator,outdoor escalator,0.4044,"[0.8514, 0.5018, 0.9677, 0.8874]"
streetview_000630.jpg,2,outdoor escalator,outdoor escalator,0.3751,"[0.7053, 0.6592, 0.78, 0.859]"
streetview_000630.jpg,3,elevator,elevator,0.3476,"[0.8546, 0.5039, 0.966, 0.8851]"
streetview_000630.jpg,4,ramp,ramp,0.3073,"[0.0006, 0.5217, 0.9999, 0.9984]"
streetview_000630.jpg,4,ramp,ramp,0.2221,"[0.7955, 0.0003, 0.9991, 0.3587]"
streetview_000630.jpg,4,ramp,ramp,0.211,"[0.0975, 0.0067, 0.3176, 0.1968]"
streetview_000630.jpg,4,ramp,ramp,0.2123,"[0.8535, 0.5047, 0.9655, 0.8849]"
streetview_000630.jpg,4,ramp,ramp,0.2127,"[0.5788, 0.5652, 0.5963, 0.6127]"
streetview_000630.jpg,5,railing,railing,0.4981,"[0.8621, 0.5044, 0.9659, 0.884]"
streetview_000630.jpg,6,pedestrian,pedestrian,0.6949,"[0.1752, 0.3611, 0.2851, 0.8412]"
streetview_000630.jpg,6,pedestrian,pedestrian,0.6451,"[0.4051, 0.408, 0.4921, 0.8169]"
streetview_000630.jpg,6,pedestrian,pedestrian,0.6353,"[0.4974, 0.4032, 0.5788, 0.8276]"
streetview_000630.jpg,6,pedestrian,pedestrian,0.5642,"[0.341, 0.4153, 0.3926, 0.6774]"
streetview_000630.jpg,6,pedestrian,pedestrian,0.5419,"[0.6974, 0.5193, 0.7827, 0.8766]"
streetview_000630.jpg,6,pedestrian,pedestrian,0.4378,"[0.6069, 0.4567, 0.6449, 0.6331]"
streetview_000630.jpg,6,pedestrian,pedestrian,0.4618,"[0.0612, 0.4326, 0.1132, 0.6077]"
streetview_000630.jpg,7,rubbish bin,rubbish bin,0.4221,"[0.5782, 0.5633, 0.5964, 0.6133]"
streetview_000630.jpg,7,rubbish bin,rubbish bin,0.3173,"[0.6918, 0.4916, 0.725, 0.5995]"
streetview_000630.jpg,10,water-filled barrier,water - filled barrier,0.4861,"[0.8593, 0.5044, 0.9659, 0.8853]"
streetview_000630.jpg,13,trolley,trolley,0.3028,"[0.706, 0.662, 0.7796, 0.859]"
streetview_000630.jpg,14,step,step,0.4781,"[0.7061, 0.676, 0.7795, 0.8577]"
streetview_000630.jpg,14,step,step,0.3154,"[0.854, 0.5037, 0.9659, 0.884]"
streetview_000630.jpg,15,tactile paving,tactile paving,0.5234,"[0.0018, 0.515, 0.9981, 0.997]"
streetview_000630.jpg,18,door,door,0.475,"[0.2633, 0.3599, 0.3, 0.5538]"
streetview_000630.jpg,20,sign,sign,0.5668,"[0.6907, 0.2222, 0.7984, 0.4978]"
streetview_000630.jpg,20,sign,sign,0.5178,"[0.0986, 0.0074, 0.3167, 0.1971]"
streetview_000630.jpg,20,sign,sign,0.4001,"[0.415, 0.2363, 0.447, 0.3626]"
streetview_000630.jpg,20,sign,sign,0.3535,"[0.7341, 0.0005, 0.802, 0.2253]"
streetview_000630.jpg,20,sign,sign,0.2597,"[0.2211, 0.2469, 0.2585, 0.3004]"
streetview_000630.jpg,20,sign,sign,0.2618,"[0.3009, 0.2943, 0.3776, 0.3996]"
streetview_000630.jpg,20,sign,sign,0.2548,"[0.3146, 0.0003, 0.4058, 0.2047]"
streetview_000630.jpg,21,indoor glass door,indoor glass door,0.329,"[0.3012, 0.4127, 0.3462, 0.511]"
streetview_000630.jpg,22,shop front,shop front,0.4456,"[0.0021, 0.003, 0.9973, 0.995]"
streetview_000645.jpg,0,footbridge entrance,footbridge entrance,0.3856,"[0.8988, 0.51, 0.999, 0.9261]"
streetview_000645.jpg,0,footbridge entrance,footbridge entrance,0.2986,"[0.2489, 0.3391, 0.2984, 0.5588]"
streetview_000645.jpg,1,stairs,stairs,0.3795,"[0.7236, 0.6861, 0.8057, 0.8934]"
streetview_000645.jpg,2,outdoor escalator,outdoor escalator,0.3532,"[0.8923, 0.5051, 0.9988, 0.9285]"
streetview_000645.jpg,4,ramp,ramp,0.244,"[0.8226, 0.0001, 0.9987, 0.3335]"
streetview_000645.jpg,4,ramp,ramp,0.2466,"[0.7054, 0.1823, 0.8262, 0.4902]"
streetview_000645.jpg,4,ramp,ramp,0.2794,"[0.0003, 0.5241, 1.0002, 0.9985]"
streetview_000645.jpg,4,ramp,ramp,0.2133,"[0.5794, 0.5654, 0.5993, 0.6204]"
streetview_000645.jpg,4,ramp,ramp,0.2008,"[0.2992, 0.2932, 0.3784, 0.398]"
streetview_000645.jpg,5,railing,railing,0.4896,"[0.9012, 0.5202, 0.9996, 0.9247]"
streetview_000645.jpg,6,pedestrian,pedestrian,0.6416,"[0.001, 0.3091, 0.1671, 0.9188]"
streetview_000645.jpg,6,pedestrian,pedestrian,0.6485,"[0.5053, 0.3952, 0.581, 0.8244]"
streetview_000645.jpg,6,pedestrian,pedestrian,0.6051,"[0.3201, 0.4013, 0.3773, 0.6982]"
streetview_000645.jpg,6,pedestrian,pedestrian,0.6171,"[0.7181, 0.5124, 0.8084, 0.9163]"
streetview_000645.jpg,6,pedestrian,pedestrian,0.5972,"[0.436, 0.3983, 0.5179, 0.8151]"
streetview_000645.jpg,6,pedestrian,pedestrian,0.4798,"[0.1225, 0.398, 0.191, 0.7205]"
streetview_000645.jpg,6,pedestrian,pedestrian,0.4675,"[0.5985, 0.4517, 0.638, 0.6401]"
streetview_000645.jpg,6,pedestrian,pedestrian,0.4106,"[0.252, 0.4662, 0.2797, 0.5902]"
streetview_000645.jpg,7,rubbish bin,rubbish bin,0.4383,"[0.2411, 0.5475, 0.2648, 0.5951]"
streetview_000645.jpg,7,rubbish bin,rubbish bin,0.4365,"[0.5783, 0.5637, 0.5995, 0.6209]"
streetview_000645.jpg,10,water-filled barrier,water - filled barrier,0.5871,"[0.8995, 0.5196, 0.9989, 0.9257]"
streetview_000645.jpg,13,trolley,trolley,0.3288,"[0.5768, 0.5619, 0.5995, 0.6215]"
streetview_000645.jpg,13,trolley,trolley,0.3709,"[0.2408, 0.5337, 0.2645, 0.5956]"
streetview_000645.jpg,14,step,step,0.4573,"[0.7234, 0.6839, 0.8058, 0.8934]"
streetview_000645.jpg,15,tactile paving,tactile paving,0.5129,"[0.0016, 0.5217, 0.9979, 0.9969]"
streetview_000645.jpg,17,glass door,glass door,0.3404,"[0.8015, 0.1889, 0.9989, 0.9384]"
streetview_000645.jpg,17,glass door,glass door,0.3012,"[0.2144, 0.3342, 0.2473, 0.5492]"
streetview_000645.jpg,18,door,door,0.4325,"[0.2507, 0.3461, 0.2978, 0.5558]"
streetview_000645.jpg,18,door,door,0.3045,"[0.2151, 0.3346, 0.2479, 0.5517]"
streetview_000645.jpg,20,sign,sign,0.5863,"[0.7054, 0.1826, 0.8266, 0.4912]"
streetview_000645.jpg,20,sign,sign,0.427,"[0.4142, 0.2306, 0.4475, 0.3565]"
streetview_000645.jpg,20,sign,sign,0.4624,"[0.0852, 0.0003, 0.3079, 0.1853]"
streetview_000645.jpg,20,sign,sign,0.3328,"[0.7452, 0.0002, 0.8151, 0.1884]"
streetview_000645.jpg,20,sign,sign,0.3282,"[0.298, 0.2914, 0.3781, 0.4004]"
streetview_000645.jpg,20,sign,sign,0.261,"[0.2144, 0.2396, 0.2526, 0.2935]"
streetview_000645.jpg,20,sign,sign,0.2672,"[0.3087, -0.0001, 0.4054, 0.1878]"
streetview_000645.jpg,21,indoor glass door,indoor glass door,0.3123,"[0.8043, 0.1937, 0.9988, 0.9364]"
streetview_000645.jpg,21,indoor glass door,indoor glass door,0.3482,"[0.2501, 0.3467, 0.2977, 0.5572]"
streetview_000645.jpg,22,shop front,shop front,0.4751,"[0.0015, 0.003, 0.9981, 0.9954]"
streetview_000660.jpg,0,footbridge entrance,footbridge entrance,0.2826,"[0.2445, 0.3384, 0.2955, 0.5627]"
streetview_000660.jpg,0,footbridge entrance,footbridge entrance,0.2533,"[0.7335, 0.1771, 0.9987, 0.9935]"
streetview_000660.jpg,0,footbridge entrance,footbridge entrance,0.2523,"[0.2074, 0.328, 0.2961, 0.5714]"
streetview_000660.jpg,1,stairs,stairs,0.3583,"[0.748, 0.7112, 0.8405, 0.9427]"
streetview_000660.jpg,4,ramp,ramp,0.2527,"[0.7294, 0.1366, 0.8696, 0.4891]"
streetview_000660.jpg,4,ramp,ramp,0.2154,"[0.8642, -0.0001, 0.9989, 0.3192]"
streetview_000660.jpg,4,ramp,ramp,0.282,"[0.002, 0.5293, 0.9968, 0.9983]"
streetview_000660.jpg,6,pedestrian,pedestrian,0.6694,"[0.2991, 0.3871, 0.3647, 0.7255]"
streetview_000660.jpg,6,pedestrian,pedestrian,0.6284,"[0.0448, 0.3868, 0.1277, 0.7499]"
streetview_000660.jpg,6,pedestrian,pedestrian,0.6028,"[0.4501, 0.3965, 0.5315, 0.821]"
streetview_000660.jpg,6,pedestrian,pedestrian,0.5764,"[0.5216, 0.3904, 0.5833, 0.8244]"
streetview_000660.jpg,6,pedestrian,pedestrian,0.5952,"[0.7414, 0.5146, 0.8437, 0.9716]"
streetview_000660.jpg,6,pedestrian,pedestrian,0.4565,"[0.5924, 0.4474, 0.6344, 0.6525]"
streetview_000660.jpg,6,pedestrian,pedestrian,0.5044,"[0.4017, 0.4249, 0.4536, 0.6835]"
streetview_000660.jpg,7,rubbish bin,rubbish bin,0.3306,"[0.5773, 0.541, 0.5993, 0.6289]"
streetview_000660.jpg,7,rubbish bin,rubbish bin,0.2744,"[0.5776, 0.5706, 0.5991, 0.6289]"
streetview_000660.jpg,7,rubbish bin,rubbish bin,0.2749,"[0.0102, 0.9319, 0.0482, 0.9847]"
streetview_000660.jpg,7,rubbish bin,rubbish bin,0.327,"[0.2371, 0.5356, 0.2617, 0.5938]"
streetview_000660.jpg,10,water-filled barrier,water - filled barrier,0.3232,"[0.7396, 0.4978, 0.9979, 0.9931]"
streetview_000660.jpg,10,water-filled barrier,water - filled barrier,0.2616,"[0.9467, 0.5284, 0.9992, 0.9827]"
streetview_000660.jpg,10,water-filled barrier,water - filled barrier,0.3042,"[0.0023, 0.5116, 0.9934, 0.9972]"
streetview_000660.jpg,13,trolley,trolley,0.4609,"[0.5771, 0.5387, 0.5995, 0.6298]"
streetview_000660.jpg,14,step,step,0.3701,"[0.7477, 0.7159, 0.8408, 0.9428]"
streetview_000660.jpg,15,tactile paving,tactile paving,0.4588,"[0.0019, 0.5201, 0.9953, 0.9969]"
streetview_000660.jpg,17,glass door,glass door,0.3496,"[0.2077, 0.331, 0.2426, 0.5569]"
streetview_000660.jpg,18,door,door,0.417,"[0.2454, 0.3458, 0.2945, 0.5593]"
streetview_000660.jpg,18,door,door,0.2918,"[0.2083, 0.3316, 0.2431, 0.5589]"
streetview_000660.jpg,20,sign,sign,0.5972,"[0.729, 0.1371, 0.87, 0.491]"
streetview_000660.jpg,20,sign,sign,0.5036,"[0.0714, 0.0001, 0.2995, 0.1762]"
streetview_000660.jpg,20,sign,sign,0.4297,"[0.4136, 0.226, 0.4473, 0.3554]"
streetview_000660.jpg,20,sign,sign,0.2962,"[0.7577, 0.0003, 0.8302, 0.1464]"
streetview_000660.jpg,20,sign,sign,0.2964,"[0.3025, -0.0003, 0.405, 0.1995]"
streetview_000660.jpg,20,sign,sign,0.2781,"[0.2069, 0.2331, 0.2462, 0.2895]"
streetview_000660.jpg,20,sign,sign,0.2541,"[0.2951, 0.2914, 0.378, 0.3993]"
streetview_000660.jpg,21,indoor glass door,indoor glass door,0.3131,"[0.2072, 0.3304, 0.2428, 0.5589]"
streetview_000660.jpg,21,indoor glass door,indoor glass door,0.3027,"[0.2448, 0.3453, 0.2942, 0.561]"
streetview_000660.jpg,22,shop front,shop front,0.4523,"[0.0021, 0.0032, 0.9972, 0.9953]"
streetview_000675.jpg,0,footbridge entrance,footbridge entrance,0.2634,"[0.2004, 0.3261, 0.2391, 0.5663]"
streetview_000675.jpg,0,footbridge entrance,footbridge entrance,0.2828,"[0.2384, 0.3316, 0.2913, 0.5699]"
streetview_000675.jpg,1,stairs,stairs,0.3436,"[0.7803, 0.7421, 0.8882, 0.9974]"
streetview_000675.jpg,2,outdoor escalator,outdoor escalator,0.3591,"[0.7785, 0.7376, 0.8892, 0.997]"
streetview_000675.jpg,3,elevator,elevator,0.3055,"[0.2003, 0.3272, 0.2393, 0.5669]"
streetview_000675.jpg,4,ramp,ramp,0.2844,"[0.7585, 0.0819, 0.9213, 0.4863]"
streetview_000675.jpg,4,ramp,ramp,0.2653,"[0.002, 0.5257, 0.9975, 0.9985]"
streetview_000675.jpg,6,pedestrian,pedestrian,0.702,"[0.2619, 0.3687, 0.335, 0.7657]"
streetview_000675.jpg,6,pedestrian,pedestrian,0.6042,"[0.3777, 0.416, 0.4322, 0.7029]"
streetview_000675.jpg,6,pedestrian,pedestrian,0.6066,"[0.5253, 0.384, 0.6003, 0.8247]"
streetview_000675.jpg,6,pedestrian,pedestrian,0.6098,"[0.4631, 0.3952, 0.5338, 0.82]"
streetview_000675.jpg,6,pedestrian,pedestrian,0.5729,"[0.7662, 0.5173, 0.8888, 0.9977]"
streetview_000675.jpg,6,pedestrian,pedestrian,0.466,"[0.0003, 0.3727, 0.0512, 0.7909]"
streetview_000675.jpg,7,rubbish bin,rubbish bin,0.3229,"[0.7441, 0.5062, 0.7829, 0.6498]"
streetview_000675.jpg,7,rubbish bin,rubbish bin,0.2664,"[0.2319, 0.5332, 0.2562, 0.594]"
streetview_000675.jpg,10,water-filled barrier,water - filled barrier,0.2843,"[0.7432, 0.4984, 0.7884, 0.6499]"
streetview_000675.jpg,14,step,step,0.4033,"[0.7798, 0.7419, 0.8884, 0.9965]"
streetview_000675.jpg,15,tactile paving,tactile paving,0.49,"[0.0018, 0.5178, 0.9978, 0.997]"
streetview_000675.jpg,17,glass door,glass door,0.3756,"[0.9299, 0.2943, 0.9691, 0.5878]"
streetview_000675.jpg,17,glass door,glass door,0.3342,"[0.2009, 0.3281, 0.2374, 0.5577]"
streetview_000675.jpg,17,glass door,glass door,0.3045,"[0.9649, 0.2335, 0.9976, 0.601]"
streetview_000675.jpg,18,door,door,0.4153,"[0.2012, 0.3286, 0.2384, 0.5624]"
streetview_000675.jpg,18,door,door,0.3064,"[0.2403, 0.3415, 0.2905, 0.5544]"
streetview_000675.jpg,18,door,door,0.3211,"[0.931, 0.2974, 0.9688, 0.5849]"
streetview_000675.jpg,20,sign,sign,0.6389,"[0.7586, 0.0819, 0.9219, 0.4872]"
streetview_000675.jpg,20,sign,sign,0.4208,"[0.4128, 0.2202, 0.4471, 0.3539]"
streetview_000675.jpg,20,sign,sign,0.4399,"[0.0561, 0.0002, 0.2961, 0.1661]"
streetview_000675.jpg,20,sign,sign,0.2627,"[0.7721, 0.0003, 0.8476, 0.0994]"
streetview_000675.jpg,20,sign,sign,0.252,"[0.2906, 0.2906, 0.3777, 0.4]"
streetview_000675.jpg,20,sign,sign,0.2501,"[0.1997, 0.2268, 0.2403, 0.2838]"
streetview_000675.jpg,21,indoor glass door,indoor glass door,0.3759,"[0.9293, 0.2931, 0.9695, 0.5893]"
streetview_000675.jpg,21,indoor glass door,indoor glass door,0.3182,"[0.2005, 0.3274, 0.2378, 0.56]"
streetview_000675.jpg,21,indoor glass door,indoor glass door,0.3034,"[0.9227, 0.2187, 0.9986, 0.6266]"
streetview_000675.jpg,22,shop front,shop front,0.4344,"[0.0022, 0.0034, 0.9971, 0.9952]"
streetview_000690.jpg,0,footbridge entrance,footbridge entrance,0.361,"[0.2846, 0.2666, 0.4114, 0.5812]"
streetview_000690.jpg,0,footbridge entrance,footbridge entrance,0.2902,"[0.1893, 0.3182, 0.2866, 0.5722]"
streetview_000690.jpg,2,outdoor escalator,outdoor escalator,0.3744,"[0.8111, 0.7986, 0.9384, 0.998]"
streetview_000690.jpg,3,elevator,elevator,0.3885,"[0.2848, 0.2671, 0.4087, 0.5597]"
streetview_000690.jpg,3,elevator,elevator,0.3038,"[0.1668, 0.1509, 0.2931, 0.5879]"
streetview_000690.jpg,4,ramp,ramp,0.2931,"[0.7924, 0.0118, 0.9903, 0.494]"
streetview_000690.jpg,4,ramp,ramp,0.2801,"[0.0002, 0.5259, 0.9996, 0.998]"
streetview_000690.jpg,4,ramp,ramp,0.2071,"[0.0342, -0.0, 0.2867, 0.1547]"
streetview_000690.jpg,6,pedestrian,pedestrian,0.7258,"[0.1918, 0.3429, 0.2975, 0.8227]"
streetview_000690.jpg,6,pedestrian,pedestrian,0.6337,"[0.3416, 0.4045, 0.4102, 0.7404]"
streetview_000690.jpg,6,pedestrian,pedestrian,0.6339,"[0.537, 0.3859, 0.6084, 0.8362]"
streetview_000690.jpg,6,pedestrian,pedestrian,0.637,"[0.4601, 0.3992, 0.5351, 0.8257]"
streetview_000690.jpg,6,pedestrian,pedestrian,0.5627,"[0.7965, 0.5311, 0.939, 0.9979]"
streetview_000690.jpg,6,pedestrian,pedestrian,0.4124,"[0.1245, 0.4478, 0.1542, 0.5984]"
streetview_000690.jpg,7,rubbish bin,rubbish bin,0.2812,"[0.0101, 0.9318, 0.0483, 0.984]"
streetview_000690.jpg,7,rubbish bin,rubbish bin,0.2859,"[0.9229, 0.566, 0.9482, 0.6406]"
streetview_000690.jpg,10,water-filled barrier,water - filled barrier,0.268,"[0.0023, 0.5192, 0.8132, 0.9978]"
streetview_000690.jpg,10,water-filled barrier,water - filled barrier,0.2641,"[0.7521, 0.4976, 0.7962, 0.6595]"
streetview_000690.jpg,14,step,step,0.3073,"[0.8119, 0.8036, 0.9377, 0.9987]"
streetview_000690.jpg,15,tactile paving,tactile paving,0.4917,"[0.0018, 0.5258, 0.9978, 0.997]"
streetview_000690.jpg,17,glass door,glass door,0.375,"[0.1904, 0.3234, 0.2287, 0.557]"
streetview_000690.jpg,17,glass door,glass door,0.3293,"[0.2857, 0.4112, 0.3433, 0.5493]"
streetview_000690.jpg,18,door,door,0.3601,"[0.1912, 0.324, 0.2288, 0.5558]"
streetview_000690.jpg,18,door,door,0.2984,"[0.2866, 0.4124, 0.3431, 0.5414]"
streetview_000690.jpg,20,sign,sign,0.6226,"[0.7929, 0.0113, 0.9903, 0.4941]"
streetview_000690.jpg,20,sign,sign,0.4842,"[0.0353, 0.0002, 0.2869, 0.1552]"
streetview_000690.jpg,20,sign,sign,0.4318,"[0.4104, 0.2145, 0.4453, 0.3502]"
streetview_000690.jpg,20,sign,sign,0.3097,"[0.2857, -0.0, 0.4019, 0.1952]"
streetview_000690.jpg,20,sign,sign,0.2847,"[0.1888, 0.2194, 0.2302, 0.2784]"
streetview_000690.jpg,20,sign,sign,0.2663,"[0.7825, 0.0001, 0.8631, 0.1728]"
streetview_000690.jpg,21,indoor glass door,indoor glass door,0.3119,"[0.2856, 0.4105, 0.3437, 0.5452]"
streetview_000690.jpg,21,indoor glass door,indoor glass door,0.3441,"[0.1901, 0.3226, 0.2291, 0.558]"
streetview_000690.jpg,22,shop front,shop front,0.4265,"[0.0021, 0.0035, 0.9967, 0.9949]"
streetview_000705.jpg,0,footbridge entrance,footbridge entrance,0.4041,"[0.2252, 0.3256, 0.2822, 0.5706]"
streetview_000705.jpg,0,footbridge entrance,footbridge entrance,0.276,"[0.7663, 0.5024, 0.8098, 0.6696]"
streetview_000705.jpg,1,stairs,stairs,0.3148,"[0.2383, 0.5446, 0.2775, 0.5705]"
streetview_000705.jpg,3,elevator,elevator,0.3749,"[0.2257, 0.3272, 0.2819, 0.5711]"
streetview_000705.jpg,4,ramp,ramp,0.2863,"[0.0019, 0.5291, 0.9982, 0.9979]"
streetview_000705.jpg,6,pedestrian,pedestrian,0.7445,"[0.1191, 0.3136, 0.2354, 0.922]"
streetview_000705.jpg,6,pedestrian,pedestrian,0.6728,"[0.289, 0.3933, 0.3727, 0.7747]"
streetview_000705.jpg,6,pedestrian,pedestrian,0.6327,"[0.5413, 0.392, 0.6155, 0.8425]"
streetview_000705.jpg,6,pedestrian,pedestrian,0.6561,"[0.4556, 0.4063, 0.5382, 0.8517]"
streetview_000705.jpg,6,pedestrian,pedestrian,0.5081,"[0.855, 0.5455, 0.9992, 0.9983]"
streetview_000705.jpg,7,rubbish bin,rubbish bin,0.2593,"[0.0108, 0.9325, 0.0427, 0.9831]"
streetview_000705.jpg,10,water-filled barrier,water - filled barrier,0.3587,"[0.7662, 0.5039, 0.8102, 0.6707]"
streetview_000705.jpg,10,water-filled barrier,water - filled barrier,0.3151,"[0.7315, 0.4959, 0.8107, 0.6712]"
streetview_000705.jpg,15,tactile paving,tactile paving,0.4423,"[0.0023, 0.5265, 0.9892, 0.9967]"
streetview_000705.jpg,16,zebra crossing,zebra crossing,0.3173,"[0.1182, 0.3123, 0.2383, 0.9242]"
streetview_000705.jpg,17,glass door,glass door,0.4305,"[0.2269, 0.3309, 0.2813, 0.5708]"
streetview_000705.jpg,18,door,door,0.5261,"[0.2271, 0.3309, 0.2813, 0.5708]"
streetview_000705.jpg,20,sign,sign,0.4487,"[0.4091, 0.21, 0.4453, 0.3484]"
streetview_000705.jpg,20,sign,sign,0.4208,"[0.0008, 0.0002, 0.2803, 0.1421]"
streetview_000705.jpg,20,sign,sign,0.4566,"[0.8591, 0.0003, 0.9996, 0.5021]"
streetview_000705.jpg,20,sign,sign,0.3369,"[0.8002, 0.0002, 0.8662, 0.1584]"
streetview_000705.jpg,20,sign,sign,0.3015,"[0.1809, 0.2134, 0.2236, 0.2735]"
streetview_000705.jpg,21,indoor glass door,indoor glass door,0.5095,"[0.2266, 0.33, 0.2816, 0.5712]"
streetview_000705.jpg,22,shop front,shop front,0.4374,"[0.0022, 0.0033, 0.997, 0.9949]"
streetview_000720.jpg,0,footbridge entrance,footbridge entrance,0.2996,"[0.1513, 0.3122, 0.2029, 0.5923]"
streetview_000720.jpg,0,footbridge entrance,footbridge entrance,0.2582,"[0.1516, 0.3106, 0.2622, 0.595]"
streetview_000720.jpg,3,elevator,elevator,0.3835,"[0.1517, 0.3126, 0.2029, 0.5929]"
streetview_000720.jpg,4,ramp,ramp,0.2791,"[0.0022, 0.5393, 0.9938, 0.9982]"
streetview_000720.jpg,6,pedestrian,pedestrian,0.7093,"[0.2175, 0.3663, 0.3046, 0.8334]"
streetview_000720.jpg,6,pedestrian,pedestrian,0.654,"[0.5323, 0.3923, 0.6123, 0.8595]"
streetview_000720.jpg,6,pedestrian,pedestrian,0.5723,"[0.0002, 0.2435, 0.1093, 0.9978]"
streetview_000720.jpg,6,pedestrian,pedestrian,0.6248,"[0.443, 0.4037, 0.5202, 0.8617]"
streetview_000720.jpg,6,pedestrian,pedestrian,0.4284,"[0.8607, 0.4376, 0.9351, 0.7155]"
streetview_000720.jpg,7,rubbish bin,rubbish bin,0.3281,"[0.7253, 0.4929, 0.7605, 0.6255]"
streetview_000720.jpg,8,bollard,bollard,0.3617,"[0.5325, 0.3923, 0.6118, 0.8595]"
streetview_000720.jpg,10,water-filled barrier,water - filled barrier,0.3814,"[0.7241, 0.4911, 0.8083, 0.6788]"
streetview_000720.jpg,10,water-filled barrier,water - filled barrier,0.2685,"[0.7249, 0.4933, 0.761, 0.6253]"
streetview_000720.jpg,10,water-filled barrier,water - filled barrier,0.2989,"[0.7614, 0.5081, 0.8074, 0.6779]"
streetview_000720.jpg,15,tactile paving,tactile paving,0.5356,"[0.0014, 0.5316, 0.9727, 0.9967]"
streetview_000720.jpg,16,zebra crossing,zebra crossing,0.327,"[0.5323, 0.3918, 0.6128, 0.8601]"
streetview_000720.jpg,17,glass door,glass door,0.5256,"[0.1528, 0.3132, 0.2011, 0.5891]"
streetview_000720.jpg,18,door,door,0.496,"[0.1536, 0.314, 0.2014, 0.5901]"
streetview_000720.jpg,20,sign,sign,0.478,"[0.3937, 0.2024, 0.43, 0.3455]"
streetview_000720.jpg,20,sign,sign,0.4322,"[0.8001, 0.0002, 0.8895, 0.1395]"
streetview_000720.jpg,20,sign,sign,0.366,"[0.0004, 0.0003, 0.2547, 0.1261]"
streetview_000720.jpg,20,sign,sign,0.3395,"[0.154, 0.2025, 0.1984, 0.2651]"
streetview_000720.jpg,20,sign,sign,0.3241,"[0.9136, 0.0001, 0.9997, 0.4953]"
streetview_000720.jpg,20,sign,sign,0.3108,"[0.5386, 0.4261, 0.558, 0.459]"
streetview_000720.jpg,20,sign,sign,0.2684,"[0.2622, 0.2814, 0.3608, 0.3961]"
streetview_000720.jpg,21,indoor glass door,indoor glass door,0.5599,"[0.1526, 0.3129, 0.2013, 0.5898]"
streetview_000720.jpg,22,shop front,shop front,0.4167,"[0.002, 0.0031, 0.997, 0.995]"
streetview_000735.jpg,0,footbridge entrance,footbridge entrance,0.3662,"[0.1269, 0.3057, 0.2402, 0.5776]"
streetview_000735.jpg,3,elevator,elevator,0.3054,"[0.1277, 0.3076, 0.24, 0.5769]"
streetview_000735.jpg,4,ramp,ramp,0.2515,"[0.0004, 0.5324, 1.0003, 0.9984]"
streetview_000735.jpg,6,pedestrian,pedestrian,0.741,"[0.118, 0.3262, 0.2201, 0.8947]"
streetview_000735.jpg,6,pedestrian,pedestrian,0.6313,"[0.4249, 0.3991, 0.5168, 0.8612]"
streetview_000735.jpg,6,pedestrian,pedestrian,0.6203,"[0.5268, 0.3927, 0.6187, 0.8704]"
streetview_000735.jpg,6,pedestrian,pedestrian,0.4793,"[0.8936, 0.4279, 0.9615, 0.7429]"
streetview_000735.jpg,7,rubbish bin,rubbish bin,0.2935,"[0.9369, 0.5207, 0.9492, 0.5514]"
streetview_000735.jpg,7,rubbish bin,rubbish bin,0.2844,"[0.67, 0.5494, 0.6857, 0.6004]"
streetview_000735.jpg,10,water-filled barrier,water - filled barrier,0.3545,"[0.7152, 0.4947, 0.8078, 0.6845]"
streetview_000735.jpg,10,water-filled barrier,water - filled barrier,0.2822,"[0.7575, 0.5055, 0.8057, 0.6832]"
streetview_000735.jpg,15,tactile paving,tactile paving,0.5294,"[0.0018, 0.5239, 0.9983, 0.9967]"
streetview_000735.jpg,16,zebra crossing,zebra crossing,0.3011,"[0.1173, 0.3247, 0.2209, 0.8951]"
streetview_000735.jpg,17,glass door,glass door,0.3434,"[0.1286, 0.3073, 0.2394, 0.5743]"
streetview_000735.jpg,17,glass door,glass door,0.3337,"[0.2421, 0.4094, 0.3088, 0.5608]"
streetview_000735.jpg,18,door,door,0.3261,"[0.1786, 0.3153, 0.2392, 0.5723]"
streetview_000735.jpg,18,door,door,0.321,"[0.2426, 0.4105, 0.3089, 0.5597]"
streetview_000735.jpg,18,door,door,0.2894,"[0.1302, 0.3106, 0.2394, 0.5744]"
streetview_000735.jpg,20,sign,sign,0.4316,"[0.3755, 0.1942, 0.4131, 0.3411]"
streetview_000735.jpg,20,sign,sign,0.379,"[0.8005, 0.0004, 0.8951, 0.1172]"
streetview_000735.jpg,20,sign,sign,0.3101,"[0.1249, 0.1901, 0.1711, 0.2557]"
streetview_000735.jpg,20,sign,sign,0.2808,"[0.0003, 0.0001, 0.2252, 0.1061]"
streetview_000735.jpg,20,sign,sign,0.2695,"[0.2417, 0.2785, 0.3434, 0.3937]"
streetview_000735.jpg,21,indoor glass door,indoor glass door,0.3425,"[0.2417, 0.4088, 0.309, 0.5605]"
streetview_000735.jpg,21,indoor glass door,indoor glass door,0.3527,"[0.128, 0.3071, 0.2396, 0.5743]"
streetview_000735.jpg,22,shop front,shop front,0.4197,"[0.0022, 0.0032, 0.9974, 0.9945]"
streetview_000765.jpg,0,footbridge entrance,footbridge entrance,0.2895,"[0.7209, 0.1326, 0.999, 0.7535]"
streetview_000765.jpg,0,footbridge entrance,footbridge entrance,0.2726,"[0.0252, 0.2883, 0.0842, 0.5935]"
streetview_000765.jpg,0,footbridge entrance,footbridge entrance,0.2742,"[0.0854, 0.3004, 0.1584, 0.5923]"
streetview_000765.jpg,1,stairs,stairs,0.3218,"[0.0867, 0.5287, 0.145, 0.5941]"
streetview_000765.jpg,3,elevator,elevator,0.3648,"[0.0009, 0.0465, 0.1671, 0.6081]"
streetview_000765.jpg,4,ramp,ramp,0.2327,"[0.0863, 0.5312, 0.1179, 0.5944]"
streetview_000765.jpg,4,ramp,ramp,0.2721,"[0.001, 0.5405, 0.9995, 0.9981]"
streetview_000765.jpg,6,pedestrian,pedestrian,0.6655,"[0.2872, 0.4047, 0.3873, 0.7814]"
streetview_000765.jpg,6,pedestrian,pedestrian,0.6286,"[0.4708, 0.3836, 0.5558, 0.8806]"
streetview_000765.jpg,6,pedestrian,pedestrian,0.5945,"[0.3911, 0.3916, 0.4753, 0.8712]"
streetview_000765.jpg,6,pedestrian,pedestrian,0.5711,"[0.9345, 0.4018, 0.9994, 0.8044]"
streetview_000765.jpg,6,pedestrian,pedestrian,0.4645,"[0.1959, 0.4591, 0.2383, 0.6516]"
streetview_000765.jpg,6,pedestrian,pedestrian,0.4727,"[0.1517, 0.4503, 0.1897, 0.6385]"
streetview_000765.jpg,6,pedestrian,pedestrian,0.4336,"[0.5617, 0.4472, 0.6011, 0.6493]"
streetview_000765.jpg,6,pedestrian,pedestrian,0.4333,"[0.1104, 0.4634, 0.1438, 0.5945]"
streetview_000765.jpg,7,rubbish bin,rubbish bin,0.3111,"[0.0866, 0.5309, 0.1183, 0.5951]"
streetview_000765.jpg,7,rubbish bin,rubbish bin,0.255,"[0.0102, 0.9321, 0.0481, 0.9835]"
streetview_000765.jpg,7,rubbish bin,rubbish bin,0.2731,"[0.8623, 0.5549, 0.8853, 0.5958]"
streetview_000765.jpg,10,water-filled barrier,water - filled barrier,0.304,"[0.7169, 0.5039, 0.767, 0.7021]"
streetview_000765.jpg,10,water-filled barrier,water - filled barrier,0.2699,"[0.002, 0.5189, 0.9977, 0.9972]"
streetview_000765.jpg,10,water-filled barrier,water - filled barrier,0.3153,"[0.6662, 0.4809, 0.7689, 0.7023]"
streetview_000765.jpg,13,trolley,trolley,0.4039,"[0.3797, 0.6423, 0.4195, 0.7433]"
streetview_000765.jpg,13,trolley,trolley,0.3975,"[0.0861, 0.5308, 0.1187, 0.5961]"
streetview_000765.jpg,13,trolley,trolley,0.3623,"[0.8603, 0.5523, 0.8856, 0.6195]"
streetview_000765.jpg,15,tactile paving,tactile paving,0.512,"[0.0017, 0.5405, 0.9985, 0.9969]"
streetview_000765.jpg,16,zebra crossing,zebra crossing,0.3001,"[0.0022, 0.5426, 0.9979, 0.9962]"
streetview_000765.jpg,17,glass door,glass door,0.4575,"[0.0256, 0.2893, 0.0816, 0.5869]"
streetview_000765.jpg,17,glass door,glass door,0.3105,"[0.1637, 0.4061, 0.24, 0.5683]"
streetview_000765.jpg,18,door,door,0.4269,"[0.0258, 0.2895, 0.0831, 0.591]"
streetview_000765.jpg,20,sign,sign,0.5037,"[0.3045, 0.1771, 0.3454, 0.3312]"
streetview_000765.jpg,20,sign,sign,0.3173,"[0.0206, 0.1595, 0.0737, 0.2314]"
streetview_000765.jpg,20,sign,sign,0.3442,"[0.7692, 0.0002, 0.873, 0.0706]"
streetview_000765.jpg,20,sign,sign,0.3225,"[0.4659, 0.4246, 0.484, 0.4585]"
streetview_000765.jpg,20,sign,sign,0.3097,"[0.1628, 0.2683, 0.276, 0.3904]"
streetview_000765.jpg,21,indoor glass door,indoor glass door,0.4559,"[0.0253, 0.289, 0.0822, 0.5884]"
streetview_000765.jpg,22,shop front,shop front,0.3712,"[0.0022, 0.004, 0.9974, 0.9943]"
streetview_000765.jpg,22,shop front,shop front,0.3534,"[0.0015, 0.0032, 0.4955, 0.6163]"
streetview_000780.jpg,0,footbridge entrance,footbridge entrance,0.2876,"[0.0339, 0.2923, 0.1136, 0.5934]"
streetview_000780.jpg,0,footbridge entrance,footbridge entrance,0.2729,"[0.6897, 0.1099, 0.9988, 0.7685]"
streetview_000780.jpg,0,footbridge entrance,footbridge entrance,0.3073,"[0.6946, 0.5069, 0.7489, 0.7158]"
streetview_000780.jpg,3,elevator,elevator,0.3071,"[0.7277, 0.111, 0.9991, 0.6844]"
streetview_000780.jpg,4,ramp,ramp,0.2612,"[0.0535, 0.5381, 0.0919, 0.5988]"
streetview_000780.jpg,4,ramp,ramp,0.266,"[0.0009, 0.5424, 0.9997, 0.9983]"
streetview_000780.jpg,6,pedestrian,pedestrian,0.7098,"[0.1903, 0.3895, 0.3029, 0.8357]"
streetview_000780.jpg,6,pedestrian,pedestrian,0.6079,"[0.358, 0.3963, 0.4451, 0.8798]"
streetview_000780.jpg,6,pedestrian,pedestrian,0.635,"[0.4399, 0.3848, 0.5221, 0.8928]"
streetview_000780.jpg,6,pedestrian,pedestrian,0.4813,"[0.1268, 0.4478, 0.1832, 0.6705]"
streetview_000780.jpg,6,pedestrian,pedestrian,0.43,"[0.5231, 0.448, 0.5673, 0.6605]"
streetview_000780.jpg,6,pedestrian,pedestrian,0.448,"[0.083, 0.449, 0.1305, 0.6511]"
streetview_000780.jpg,6,pedestrian,pedestrian,0.4053,"[0.5719, 0.4514, 0.6092, 0.6437]"
streetview_000780.jpg,7,rubbish bin,rubbish bin,0.315,"[0.0534, 0.5381, 0.0915, 0.5993]"
streetview_000780.jpg,7,rubbish bin,rubbish bin,0.2542,"[0.3104, 0.6648, 0.3609, 0.7804]"
streetview_000780.jpg,8,bollard,bollard,0.3794,"[0.3104, 0.5525, 0.3611, 0.7811]"
streetview_000780.jpg,10,water-filled barrier,water - filled barrier,0.3577,"[0.6948, 0.5079, 0.7483, 0.7162]"
streetview_000780.jpg,10,water-filled barrier,water - filled barrier,0.2664,"[0.6426, 0.4962, 0.6806, 0.6434]"
streetview_000780.jpg,10,water-filled barrier,water - filled barrier,0.2558,"[0.696, 0.1111, 0.9988, 0.6881]"
streetview_000780.jpg,13,trolley,trolley,0.5181,"[0.3103, 0.5509, 0.3615, 0.7815]"
streetview_000780.jpg,13,trolley,trolley,0.5063,"[0.0536, 0.5371, 0.0954, 0.6001]"
streetview_000780.jpg,15,tactile paving,tactile paving,0.513,"[0.0018, 0.5304, 0.9984, 0.9964]"
streetview_000780.jpg,16,zebra crossing,zebra crossing,0.3056,"[0.189, 0.3881, 0.3059, 0.8384]"
streetview_000780.jpg,17,glass door,glass door,0.4097,"[0.8587, 0.2504, 0.9582, 0.6158]"
streetview_000780.jpg,18,door,door,0.3096,"[0.0001, 0.2845, 0.034, 0.5902]"
streetview_000780.jpg,18,door,door,0.2616,"[0.129, 0.4051, 0.2032, 0.5226]"
streetview_000780.jpg,18,door,door,0.2533,"[0.036, 0.3026, 0.1121, 0.5889]"
streetview_000780.jpg,18,door,door,0.2611,"[0.0741, 0.3282, 0.1105, 0.5581]"
streetview_000780.jpg,20,sign,sign,0.4544,"[0.2683, 0.1678, 0.3097, 0.3265]"
streetview_000780.jpg,20,sign,sign,0.3134,"[0.121, 0.2638, 0.2406, 0.3882]"
streetview_000780.jpg,20,sign,sign,0.2656,"[0.7533, 0.0002, 0.863, 0.0503]"
streetview_000780.jpg,21,indoor glass door,indoor glass door,0.4142,"[0.8583, 0.2501, 0.9586, 0.6171]"
streetview_000780.jpg,22,shop front,shop front,0.4016,"[0.0022, 0.0045, 0.9974, 0.9939]"
streetview_000780.jpg,22,shop front,shop front,0.3559,"[0.7137, 0.1137, 0.9984, 0.6883]"
streetview_000855.jpg,0,footbridge entrance,footbridge entrance,0.4477,"[0.6591, 0.4931, 0.7334, 0.7882]"
streetview_000855.jpg,0,footbridge entrance,footbridge entrance,0.2792,"[0.706, 0.0025, 0.9984, 0.9058]"
streetview_000855.jpg,0,footbridge entrance,footbridge entrance,0.2916,"[0.5985, 0.4954, 0.6339, 0.6733]"
streetview_000855.jpg,2,outdoor escalator,outdoor escalator,0.4418,"[0.6572, 0.4865, 0.736, 0.7896]"
streetview_000855.jpg,3,elevator,elevator,0.3773,"[0.706, 0.0018, 0.9989, 0.9045]"
streetview_000855.jpg,3,elevator,elevator,0.3214,"[0.6592, 0.4954, 0.7325, 0.788]"
streetview_000855.jpg,4,ramp,ramp,0.2059,"[0.0034, 0.546, 0.9974, 0.9984]"
streetview_000855.jpg,5,railing,railing,0.4272,"[0.6601, 0.5002, 0.7316, 0.7846]"
streetview_000855.jpg,6,pedestrian,pedestrian,0.5717,"[0.8644, 0.4085, 0.94, 0.8096]"
streetview_000855.jpg,6,pedestrian,pedestrian,0.5712,"[0.1472, 0.3847, 0.2277, 0.7904]"
streetview_000855.jpg,6,pedestrian,pedestrian,0.5364,"[0.5592, 0.4359, 0.6132, 0.7205]"
streetview_000855.jpg,6,pedestrian,pedestrian,0.5371,"[0.4972, 0.4183, 0.5587, 0.732]"
streetview_000855.jpg,6,pedestrian,pedestrian,0.5615,"[0.292, 0.3837, 0.3843, 0.9225]"
streetview_000855.jpg,6,pedestrian,pedestrian,0.524,"[0.9177, 0.3978, 0.9987, 0.8123]"
streetview_000855.jpg,6,pedestrian,pedestrian,0.5329,"[0.2274, 0.4085, 0.3042, 0.8693]"
streetview_000855.jpg,6,pedestrian,pedestrian,0.6233,"[0.3775, 0.381, 0.4744, 0.9437]"
streetview_000855.jpg,6,pedestrian,pedestrian,0.4513,"[0.0002, 0.3672, 0.0878, 0.7249]"
streetview_000855.jpg,6,pedestrian,pedestrian,0.4016,"[0.7724, 0.4524, 0.8057, 0.6128]"
streetview_000855.jpg,7,rubbish bin,rubbish bin,0.3283,"[0.6581, 0.5062, 0.732, 0.7874]"
streetview_000855.jpg,7,rubbish bin,rubbish bin,0.3057,"[0.2194, 0.4158, 0.2391, 0.4812]"
streetview_000855.jpg,7,rubbish bin,rubbish bin,0.2777,"[0.598, 0.4966, 0.6336, 0.6727]"
streetview_000855.jpg,7,rubbish bin,rubbish bin,0.2751,"[0.0004, 0.7094, 0.0478, 0.9979]"
streetview_000855.jpg,10,water-filled barrier,water - filled barrier,0.5474,"[0.6597, 0.5042, 0.7325, 0.7867]"
streetview_000855.jpg,10,water-filled barrier,water - filled barrier,0.2506,"[0.6005, 0.4957, 0.6336, 0.6728]"
streetview_000855.jpg,15,tactile paving,tactile paving,0.4135,"[0.0077, 0.5385, 0.9974, 0.9967]"
streetview_000855.jpg,17,glass door,glass door,0.3266,"[0.8245, 0.0067, 0.9988, 0.9154]"
streetview_000855.jpg,17,glass door,glass door,0.3061,"[0.7441, 0.2315, 0.8236, 0.6153]"
streetview_000855.jpg,18,door,door,0.3304,"[0.7467, 0.3083, 0.7843, 0.5858]"
streetview_000855.jpg,18,door,door,0.2955,"[0.1983, 0.2733, 0.248, 0.4815]"
streetview_000855.jpg,18,door,door,0.2553,"[0.7489, 0.3649, 0.7829, 0.5814]"
streetview_000855.jpg,20,sign,sign,0.4561,"[0.1478, 0.1095, 0.1987, 0.2975]"
streetview_000855.jpg,20,sign,sign,0.3197,"[0.0113, 0.2421, 0.1431, 0.3781]"
streetview_000855.jpg,21,indoor glass door,indoor glass door,0.3882,"[0.8228, 0.0082, 0.9985, 0.9145]"
streetview_000855.jpg,22,shop front,shop front,0.445,"[0.0021, 0.0032, 0.9974, 0.9951]"
